board_id,kicad_file_version,copper_layers,width_mm,height_mm,area_cm2,footprints,pads,nets,segments,vias,track_length_mm,copper_zones,unconnected,gt_segments,gt_vias,gt_layers,gt_unconnected,gt_track_length_mm,error
1-Wire-Wing-pcb_1-Wire_Wing,4,2,70.0,24.28,17.0,23,89,37,166,15,407.17,3,0,166,15,2,0,407.17,
16x12-bits-I2C_I2C_Servo,4,2,73.81,45.87,33.86,55,162,46,372,18,1110.12,2,0,372,18,2,0,1110.12,
1Bitsy_1bitsy,4,4,38.2,17.9,6.84,108,246,63,665,74,846.87,4,0,665,74,4,0,846.87,
2d_conduction_sk9822-matrix,4,2,91.59,91.59,83.89,133,515,132,406,36,1388.91,2,0,406,36,2,0,1388.91,
4-port-usb-hub_4port-usb-hub,20160815,2,64.92,47.14,30.6,48,151,31,521,24,946.44,1,0,521,24,2,0,946.44,
4N35-TTL-Serial-Optoisolator_4N35-TTL-Serial-Optoisolator,20171130,2,40.74,22.96,9.35,17,42,14,74,0,211.73,1,0,74,0,2,0,211.73,
4_digit_hex_display_4_digit_display,4,4,62.38,21.74,13.56,46,188,80,742,60,1543.01,2,0,742,60,4,0,1543.01,
59pct_keyboard,20171130,2,332.71,94.34,313.87,195,689,121,1212,53,7657.78,0,0,1212,53,2,0,7657.78,
655_testboard,4,2,39.55,63.3,25.03,30,119,22,626,72,1080.47,0,0,626,72,2,0,1080.47,
6N137-TTL-Serial-Optoisolator_6N137-TTL-Serial-Optoisolator,3,2,40.74,22.96,9.35,19,50,14,79,0,208.81,2,0,79,0,2,0,208.81,
6volt-5W-solar-cc_6vleadacidsolar,4,2,50.1,50.1,25.1,65,155,29,350,85,761.78,4,0,350,85,2,0,761.78,
74Logic_SA_ADC_SA-ADC,20171130,2,95.94,69.27,66.45,191,614,127,2443,304,5047.77,2,0,2443,304,2,0,5047.77,
8088_sbc2_pcb_8088_sbc2,4,2,200.15,100.15,200.45,65,497,150,1545,221,9829.87,10,1,1545,221,2,1,9829.87,
96boards-robomezzi_96boards-robomezzi,4,4,85.1,54.1,46.04,119,418,128,968,113,2366.8,2,0,968,113,4,0,2366.8,
96boards-sensors_Sensors,4,2,85.1,54.1,46.04,93,387,91,1702,140,3968.1,2,0,1702,140,2,0,3968.1,
ABOVISP_ABOVISP,4,2,17.93,30.63,5.49,16,59,13,76,12,149.15,1,0,76,12,2,0,149.15,
ADC-DAC-16bit_ADC-DAC-16bit,20170123,2,23.9,22.2,5.31,17,47,11,77,13,112.71,2,0,77,13,2,0,112.71,
ADC-PCM4202-SE_ADC-PCM4202-SE,4,2,100.15,100.15,100.3,230,521,85,1343,290,3175.08,24,0,1343,290,2,0,3175.08,
ADC-PCM4202_ADC-PCM4202,4,2,100.15,100.15,100.3,237,549,87,1237,277,2788.57,8,0,1237,277,2,0,2788.57,
APC_AtariPunkConsole,4,2,90.15,43.15,38.9,30,82,18,148,4,549.05,0,0,148,4,2,0,549.05,
APM-RPi-Shield_APM-RPi-Shield,4,2,37.4,56.35,21.07,29,195,62,727,12,1397.43,0,0,727,12,2,0,1397.43,
AS5043-Encoder_sensor-board,20171130,2,35.94,35.94,12.92,17,52,15,95,2,190.61,3,0,95,2,2,0,190.61,
ATMEGA328-Motor-Board_ATMEGA328_Motor_Board,4,2,77.2,100.2,77.35,259,636,125,4134,136,4454.57,4,0,4134,136,2,0,4454.57,
ATmega32_ExploreUltraAvrDevKit_40pin_AVRMCU,3,2,40.1,75.1,30.12,21,125,40,306,10,1242.79,2,0,306,10,2,0,1242.79,
ATmega32_ExploreUltraAvrDevKit__autosave-MCU_BaseBoard,4,2,180.1,125.1,225.31,149,591,182,1826,74,8220.81,2,0,1826,74,2,0,8220.81,
ATtiny461Breakout_ATTiny461DevBoard,4,2,24.28,33.17,8.05,12,58,20,138,8,314.6,0,0,138,8,2,0,314.6,
AVR-ISP_level-shifter_AVR-ISP_level-shifter,4,2,44.1,20.1,8.86,27,85,16,268,10,450.66,0,0,268,10,2,0,450.66,
AVR-ISP_pogo-plug_1.27mm_AVR-ISP_pogo-plug_1.27mm,4,2,12.1,19.1,2.31,4,36,6,54,0,54.01,0,0,54,0,2,0,54.01,
AVR-Playground_hello_world,4,2,50.9,52.17,26.55,4,38,33,18,0,162.35,1,0,18,0,2,0,162.35,
AVR-ZIF-Programmer_AVR-ZIF-Prog,4,2,96.67,76.35,73.81,35,143,50,337,0,1463.96,2,0,337,0,2,0,1463.96,
Aleste-520EX_aleste,20171130,2,334.16,193.19,645.56,313,2210,453,8264,1041,57005.55,0,0,8264,1041,2,0,57005.55,
Amiga-A1012-PCB_Amiga-A1012,4,2,73.9,78.4,57.94,24,151,42,414,62,1980.09,0,0,414,62,2,0,1980.09,
AmpOne_dev-AmpOne,4,2,100.1,100.1,100.2,164,407,79,1156,258,3179.0,2,0,1156,258,2,0,3179.0,
AnalogThermometer_AnalogThermometer,4,2,25.5,25.5,6.5,19,50,15,51,2,80.62,2,0,51,2,2,0,80.62,
Apple-M0110-BT_Apple M0110,4,2,275.43,98.07,270.12,132,554,116,541,14,4509.26,2,0,541,14,2,0,4509.26,
Arduino-Theremin_arduino-theremin-v1,4,2,71.27,53.49,38.12,15,72,15,103,5,567.63,2,0,103,5,2,0,567.63,
ArduinoDueClone_ATSAM3X8EA,20171130,2,160.1,100.1,160.26,75,380,137,1762,189,5464.1,5,0,1762,189,2,0,5464.1,
Arduino_Lipo_Storage_Discharger_Lipo_Storage_Discharger,20171130,2,99.15,49.15,48.73,42,131,51,245,19,960.38,5,0,245,19,2,0,960.38,
Aria_Aria,20171130,4,81.15,27.15,22.03,91,351,110,1071,262,1359.09,17,0,1071,262,4,0,1359.09,
Atmel-ICE-Header-Adapter_ice header adapter pcb,20171130,2,48.41,48.41,23.44,13,94,9,261,8,896.96,2,0,261,8,2,0,896.96,
Atreus_54percent_rev,20171130,2,277.15,110.9,307.36,191,1044,151,2766,70,9004.87,4,0,2766,70,2,0,9004.87,
Avem_Hardware_Avem_demo,4,2,73.61,40.92,30.12,36,145,63,261,41,557.41,2,0,261,41,2,0,557.41,
AzizLight_AzizLight,4,2,70.25,29.36,20.63,55,131,29,183,18,340.04,2,0,183,18,2,0,340.04,
BB-PWR-3608_BB-PWR-3608_revA,4,2,15.44,12.0,1.85,18,34,8,73,3,80.0,1,0,73,3,2,0,80.0,
BB-PWR-8009_BB-PWR-8009_revA,20171130,2,11.68,11.68,1.37,17,29,6,63,2,69.99,2,0,63,2,2,0,69.99,
BB-PWR-8113_BB-PWR-8113_revA,20171130,2,19.94,13.59,2.71,28,44,8,81,0,122.24,2,0,81,0,2,0,122.24,
BGM111-External-Programmer_BGM111_Programmer,4,2,32.13,21.92,7.04,4,48,30,19,2,63.75,3,0,19,2,2,0,63.75,
BITxo_BITxo,20171130,2,27.28,67.93,18.53,30,57,10,222,17,395.42,2,0,222,17,2,0,395.42,
BLDC-controller_BLDC_controller,20171130,4,49.15,32.15,15.8,262,512,64,929,75,1006.41,36,0,929,75,4,0,1006.41,
BML-Badges_BML-Badges,4,2,91.54,38.2,34.97,21,43,11,79,0,510.58,1,0,79,0,2,0,510.58,
BML-Badges_BML_01,4,2,43.28,45.82,19.83,21,43,11,80,0,428.95,1,0,80,0,2,0,428.95,
BMS-bq76940_EvaluationsBoard,20171130,2,68.09,75.72,51.56,134,356,87,826,6,2069.9,5,0,826,6,2,0,2069.9,
BUF-DiffToSE-ADAU1966_BUF-DiffToSE-ADAU1966,4,2,100.15,100.15,100.3,165,406,67,725,175,2383.44,14,0,725,175,2,0,2383.44,
Baofeng-Interface_BaofengInterface,4,2,25.55,25.55,6.53,69,97,11,32,0,90.47,2,0,32,0,2,0,90.47,
Baofeng-Interface_BaofengInterfaceIsolated,4,2,39.27,44.85,17.61,144,184,20,46,0,200.49,4,0,46,0,2,0,200.49,
BeaconBuddy_BeaconBuddy,20171130,2,25.55,28.09,7.18,112,239,52,256,8,339.62,2,0,256,8,2,0,339.62,
BirdAttractor_BirdAttractor_RevA,4,2,48.41,48.41,23.44,15,54,20,109,0,457.23,0,0,109,0,2,0,457.23,
BirdAttractor_BirdAttractor_RevC,20171130,2,76.35,53.49,40.84,45,152,33,319,34,1233.69,0,0,319,34,2,0,1233.69,
BirthdayCakeKeyboard_10Key,4,2,73.15,102.65,75.09,65,327,77,1575,92,5029.24,2,0,1575,92,2,0,5029.24,
Biscay_Blueeye_mcu,20171130,2,50.1,50.1,25.1,19,100,36,348,17,1361.98,2,0,348,17,2,0,1361.98,
Biscay_Blueeye_sipm-comp,20171130,2,50.1,50.1,25.1,57,279,76,828,88,1580.31,2,0,828,88,2,0,1580.31,
Biscay_Blueeye_sipm-fpga,4,2,50.1,50.1,25.1,24,201,51,658,37,1496.41,3,0,658,37,2,0,1496.41,
Biscay_Blueeye_sipm,20171130,4,50.1,50.1,25.1,145,397,89,994,114,1518.43,4,0,994,114,4,0,1518.43,
Blink-Eras_AVR_ISP_Pogo,4,2,17.93,23.01,4.13,4,14,6,32,0,100.91,0,0,32,0,2,0,100.91,
Blink-Eras_Blink Eras,20171130,2,28.09,20.47,5.75,16,57,14,130,6,230.7,3,0,130,6,2,0,230.7,
BlueBerry-Zero_blueberry,4,2,65.1,30.1,19.6,50,205,80,294,68,491.95,14,0,294,68,2,0,491.95,
Board-RZA1L_BoardRZA1,4,4,85.62,80.03,68.53,154,700,167,2436,275,4948.38,15,0,2436,275,4,0,4948.38,
Box0-hv-analog-breakoutboard_breakout,4,2,70.1,50.1,35.12,57,215,36,267,11,534.43,3,0,267,11,2,0,534.43,
BrushlessESC_esc,4,2,50.14,60.55,30.36,79,498,58,1095,112,1771.63,12,0,1095,112,2,0,1771.63,
Brushless_ESC_Brushless_ESC,4,2,63.15,36.15,22.83,77,219,50,566,67,1061.54,10,0,566,67,2,0,1061.54,
C-BISCUIT_buck-reg-5v,4,2,77.8,32.0,24.9,32,76,16,224,48,376.72,15,0,224,48,2,0,376.72,
C-BISCUIT_crowbar,4,2,13.1,37.3,4.89,13,24,6,40,3,98.73,1,0,41,3,2,0,116.53,
CAL430FR_CAL430F,4,2,36.1,36.1,13.03,30,139,43,774,92,1284.65,2,0,774,92,2,0,1284.65,
CAL430FR_CAL430F_watch,20171130,2,36.1,45.6,16.46,8,46,20,139,4,376.69,2,0,139,4,2,0,376.69,
CANadapter_CANadapter,20171130,2,94.13,23.01,21.66,28,110,42,228,22,627.53,6,0,228,22,2,0,627.53,
CATS_PiHat_v2,4,2,64.15,55.15,35.38,36,170,62,447,44,1469.47,2,0,447,44,2,0,1469.47,
CPU-Power-Supply-Mod_CPU_Power_Supply_Mod,3,2,0.0,0.0,0.0,38,187,49,497,0,2624.24,3,10,497,0,2,10,2624.24,
Camera-Modules_LG-G2-Camera-Shim,4,2,18.69,9.8,1.83,4,67,24,189,23,191.96,2,0,189,23,2,0,191.96,
Camera-Modules_LG-G2-G3-13M-Breakout,4,2,45.87,68.73,31.53,8,63,23,1291,42,955.28,2,0,1291,42,2,0,955.28,
CapPCB_CapPcb,4,2,39.27,14.53,5.71,7,10,2,0,0,0.0,2,0,0,0,2,0,0.0,
Cherry-Mx-Bitboard_Cherry Mx Bitboard,20171130,2,19.15,19.15,3.67,12,19,3,24,0,71.41,0,0,24,0,2,0,71.41,
ChirpHardware_chirp,20171130,4,53.55,49.15,26.32,40,162,58,276,49,522.45,3,0,276,49,4,0,522.45,
Class_D_Amp_class_D_ampl,4,2,140.65,79.15,111.32,89,260,64,736,39,2020.2,1,6,736,39,2,6,2020.2,
CompactFlashBreakout_CompactFlashBreakout,20171130,4,58.57,38.25,22.4,6,80,37,180,14,499.18,2,0,180,14,4,0,499.18,
CoreOne-xCORE200-Original_CoreOne,4,4,100.1,100.1,100.2,389,1114,245,3376,428,7325.54,13,0,3376,428,4,0,7325.54,
CubeSAT-Reaction-Wheel_Edison_Motor_Servo,4,2,28.09,28.09,7.89,6,32,24,23,0,93.91,1,0,23,0,2,0,93.91,
CubeSAT-Reaction-Wheel__autosave-GPIO to motor,4,2,54.12,35.71,19.33,11,58,31,309,76,998.97,2,0,309,76,2,0,998.97,
Curryboard_Curryboard,3,2,50.15,50.14,25.14,60,241,66,1234,234,2419.64,2,0,1234,234,2,0,2419.64,
DAC-ADAU1966_DAC-ADAU1966,4,4,100.15,100.15,100.3,306,805,172,1485,298,3650.57,16,0,1485,298,4,0,3650.57,
DA_Lamp_attiny44a_servo_i2c,20171130,2,22.15,31.48,6.97,7,36,16,95,0,230.57,0,1,95,0,2,1,230.57,
DC25_DC25,4,2,101.75,56.03,57.01,28,117,39,189,26,862.78,2,0,189,26,2,0,862.78,
DIYDAC_DIYDAC,4,2,25.55,13.87,3.54,17,42,17,42,0,68.14,0,0,42,0,2,0,68.14,
DPS-1200FB_Adapter_Adapter,4,2,84.15,81.15,68.29,22,146,9,26,0,162.6,2,0,26,0,2,0,162.6,
DSKY-alarm-panel-replica_DSKY_alarm,20171130,2,57.84,101.65,58.79,88,245,66,744,32,2622.4,0,0,744,32,2,0,2622.4,
DSP-ADAU1452_DSP-ADAU1452,4,4,100.1,100.1,100.2,377,951,190,1992,355,4113.52,23,0,1992,355,4,0,4113.52,
DaWeather---Project__autosave-CarteDaWeather,20171130,2,55.98,54.71,30.63,18,73,20,175,0,832.05,0,0,175,0,2,0,832.05,
DasBlinkinput_Das Blinkinput,20171130,4,25.5,50.9,12.98,36,95,21,238,38,465.98,3,0,238,38,4,0,465.98,
Dekada_dekada,20160815,2,49.95,33.15,16.56,43,158,41,184,0,423.61,4,0,184,0,2,0,423.61,
Dekada_dekada_1210_example,20160815,2,51.95,34.25,17.79,43,158,41,181,0,358.03,4,9,181,0,2,9,358.03,
Dekada_dekada_TopoR_curves,20160815,2,49.95,33.15,16.56,43,158,41,644,0,384.02,4,0,644,0,2,0,384.02,
DerKnopf_digi-pot,20160815,2,25.15,31.15,7.83,16,115,49,282,17,392.86,2,0,282,17,2,0,392.86,
DerKnopf_led-ring,20171130,2,30.2,32.0,9.66,33,78,9,393,36,550.27,0,0,393,36,2,0,550.27,
DerKnopf_power-supply,20160815,2,55.39,23.01,12.75,14,35,6,78,0,235.08,1,0,78,0,2,0,235.08,
DerKnopf_remote-control,20160815,2,26.2,26.2,6.86,13,40,17,68,0,108.82,4,0,68,0,2,0,108.82,
DiscoDanceFloorV1_BusTerminator,4,2,18.76,17.17,3.22,8,27,9,29,3,49.05,2,1,29,3,2,1,49.05,
DiscoDanceFloorV1_DiscoDongle,20171130,2,58.52,15.97,9.35,21,86,31,132,14,258.44,2,2,132,14,2,2,258.44,
DoroidOscillo-Board_Android_Oscilloscope,20171130,4,70.15,43.15,30.27,134,452,77,1070,155,1603.15,4,0,1070,155,4,0,1603.15,
DronPi_dronPi,20160815,2,0.0,0.0,0.0,141,539,144,1606,138,2804.72,2,0,1606,138,2,0,2804.72,
DualLM317BenchSupply_DualLM317BenchSupply,20171130,2,99.16,99.8,98.96,52,124,19,127,0,642.97,12,0,127,0,2,0,642.97,
DustSensorShield_DustSensorShield,4,2,80.16,53.49,42.88,13,75,48,75,5,536.93,2,0,75,5,2,0,536.93,
E202VAR-Natural-Radio-Receiver_e202var-vlf-radio-receiver,20171130,2,56.03,81.43,45.63,51,133,30,234,9,680.39,2,0,234,9,2,0,680.39,
ESCPT_data,20171130,2,76.3,95.35,72.75,58,234,45,465,63,1494.24,38,11,465,63,2,11,1494.24,
ESP-12-breakout_ESP12E-breakout,4,2,31.72,26.77,8.49,17,66,24,162,0,382.89,0,0,162,0,2,0,382.89,
ESP-Breakout_ESP-Breakout,20171130,2,50.9,20.42,10.39,17,76,22,192,53,396.37,2,0,192,53,2,0,396.37,
ESP07-Breakout_ESP07-Breakout,4,2,31.9,49.68,15.85,25,89,23,294,0,821.57,4,0,294,0,2,0,821.57,
ESP32-Module-Breakout_ESP32S-breakout,4,2,49.48,26.59,13.16,9,85,39,255,22,743.52,0,0,255,22,2,0,743.52,
ESP32-board_esp32_board,4,2,32.15,91.15,29.3,53,199,63,669,102,1777.56,12,0,669,102,2,0,1777.56,
ESP8266-MQTT-battery-monitor-hw_battery-monitor,4,2,50.1,50.1,25.1,49,136,37,290,63,477.14,9,0,290,63,2,0,477.14,
ESP8266-WS2811-LEDs_ws2811controller_panels,20171130,2,25.15,27.15,6.83,8,28,8,69,0,173.36,0,1,69,0,2,1,173.36,
ESPLux_Board,4,2,70.15,43.15,30.27,33,87,27,202,14,715.91,4,0,202,14,2,0,715.91,
ESP_BaPoTeSta_ESP_BaPoTeSta,4,2,39.52,49.68,19.63,50,157,48,317,34,677.35,12,0,317,34,2,0,677.35,
ESP_WiFiSwitch_WifiSwitch,4,2,36.68,41.76,15.31,9,42,17,90,12,250.91,2,0,90,12,2,0,250.91,
ESP_nRF_Relay_Relay_WiFi_nRF24,4,2,50.9,50.9,25.91,15,62,22,230,28,712.37,0,0,230,28,2,0,712.37,
ESPglobe_ESPglobe,4,2,22.18,47.93,10.63,23,67,10,151,0,305.55,4,17,151,0,2,17,305.55,
ESPkit-01_espkit-01,4,2,20.1,35.8,7.2,24,101,38,243,8,398.34,1,0,243,8,2,0,398.34,
ESProto-One_ESProto,4,2,50.15,40.15,20.14,32,131,32,205,0,713.06,0,2,205,0,2,2,713.06,
EUC-VESC_electronics_BJT,20171130,4,49.68,100.23,49.79,318,547,98,1393,562,2915.42,14,1,1393,562,4,1,2915.42,
EUC-VESC_electronics_sept,20171130,4,100.15,150.15,150.38,577,889,112,1408,78,4625.63,34,2,1408,78,4,2,4625.63,
Eggbot-Spherebot-polargraph-Controller_eggbot-spherebot-polargraph-controller,4,2,83.92,43.28,36.32,17,100,39,192,0,1165.18,2,0,192,0,2,0,1165.18,
Electronics-MainBoard_MainBoard,20160815,2,120.15,68.15,81.88,89,406,97,941,87,3027.65,10,0,941,87,2,0,3027.65,
EncoderBoard_Enc_Pan_Led,4,2,42.15,34.15,14.39,58,150,44,629,31,1006.6,2,0,629,31,2,0,1006.6,
ErgodoneWithHole_ErgoDone,20170123,2,183.22,159.25,291.78,71,734,76,1402,29,5601.68,2,0,1402,29,2,0,5601.68,
EtherCAT_shield_v1_EtherCAT_shield_v1,4,2,71.27,81.43,58.04,115,436,143,1268,154,2871.01,4,0,1268,154,2,0,2871.01,
FMCW_RADAR_Radar MCU,20171130,4,36.96,32.99,12.19,104,369,104,977,144,1178.45,10,0,977,144,4,0,1178.45,
FMCW_RADAR_Radar RF,20171130,4,42.98,24.51,10.53,143,541,96,1042,619,867.7,11,0,1042,619,4,0,867.7,
FRM16_Relay_Module_I2C_Controller_relay_controller,4,2,137.36,15.44,21.21,31,98,43,269,6,1330.49,1,0,269,6,2,0,1330.49,
FT231X_breakout_FTDI_FT231XS-U_Breakout,4,2,37.23,21.99,8.19,13,63,21,242,24,407.71,2,0,242,24,2,0,407.71,
FaradayRF-Hardware_Faraday,20171130,4,75.03,53.44,40.1,141,487,97,1713,428,3212.52,14,0,1713,428,4,0,3212.52,
FireMC_rados,4,2,83.63,106.13,88.75,167,686,201,1883,77,3915.84,2,2,1883,77,2,2,3915.84,
FlashProgrammer_flash_programmer,4,2,61.06,38.2,23.32,49,215,72,627,89,1335.28,2,0,627,89,2,0,1335.28,
FogDrive_attiny45,4,2,19.15,20.42,3.91,9,22,9,17,0,66.14,0,0,17,0,2,0,66.14,
FogDrive_attiny45_slim,4,2,16.61,19.15,3.18,9,21,9,15,0,57.17,0,0,15,0,2,0,57.17,
FreeSmartEEG__autosave-AD7779 for Intel Edison umdk,20171130,2,71.06,127.18,90.37,83,393,79,507,0,3845.03,0,13,507,0,2,13,3845.03,
Game-Boy-Zero-DMG-Controller-PCB-KiCad_Game-Boy-Zero-DMG-Controller-PCB,20171130,2,81.43,52.47,42.73,22,110,11,218,10,730.92,0,0,218,10,2,0,730.92,
HACK_hack,4,2,36.98,19.2,7.1,32,174,48,401,33,545.23,10,0,401,33,2,0,545.23,
HES-V2__autosave-hes,4,2,0.0,0.0,0.0,18,70,30,46,0,304.74,1,0,46,0,2,0,304.74,
HES-V2_hes,4,2,0.0,0.0,0.0,18,70,30,46,0,304.74,1,0,46,0,2,0,304.74,
HIDIRT-for-STM32F103C8T6-DevBoard_STM32F103C8T6-DEV-BOARD-addon,4,2,53.01,61.01,32.34,33,121,28,93,0,310.82,2,0,93,0,2,0,310.82,
HID_PID_controller,3,2,50.15,50.15,25.15,62,192,58,444,14,1035.44,2,0,444,14,2,0,1035.44,
HW-AC-Emeter_ac-power-monitor,4,2,100.1,50.1,50.15,62,164,35,336,40,976.55,6,0,336,40,2,0,976.55,
HW-ESP8266_Roomba_ESP8266_Roomba,4,2,100.15,30.16,30.21,68,273,50,844,101,1711.4,4,0,844,101,2,0,1711.4,
HW-ESP8266_Roomba_ESP8266_Roomba_panel_x_3,20171130,2,100.15,30.18,30.23,68,272,50,835,101,1709.86,4,0,835,101,2,0,1709.86,
HY-AI7688H-RevA_HY-AI7688H,20171130,2,97.15,82.15,79.81,217,473,87,1169,144,2992.99,8,0,1169,144,2,0,2992.99,
HamShield09_HamShield09,4,4,53.68,68.96,37.02,173,528,100,1781,473,3013.58,4,0,1781,473,4,0,3013.58,
Hangul-Clock_Hangul,20171130,2,99.15,99.15,98.31,87,281,72,626,25,2937.54,2,0,626,25,2,0,2937.54,
Hardware-done-with-kicad_AVRlearn,4,2,68.68,50.9,34.96,13,57,29,81,5,381.44,0,0,81,5,2,0,381.44,
Hardware_Playground_BL_PCB_latest,20171130,2,137.16,67.31,92.32,159,359,95,412,42,1891.86,4,0,412,42,2,0,1891.86,
Hardware_Playground_E3_Pcb_rev0.3,20171130,2,100.2,70.36,70.5,140,512,114,937,349,2842.79,2,0,937,349,2,0,2842.79,
Hardware_Playground_NRF52832_Touch_Switch_Power_Supply,20171130,2,47.1,44.56,20.99,56,161,37,296,85,543.11,9,0,296,85,2,0,543.11,
Hardware_Playground_Touch_Switch_1ch_PCB,20171130,2,43.69,43.43,18.98,49,202,37,300,90,495.74,246,0,300,90,2,0,495.74,
Hardware_Playground_Touch_Switch_2ch_PCB,20171130,2,43.69,43.43,18.98,57,215,43,385,87,606.3,316,0,385,87,2,0,606.3,
Hardware_Playground_buck_led_driver,20171130,2,25.15,17.15,4.31,13,26,8,48,9,95.16,2,0,48,9,2,0,95.16,
Hardware_Playground_esp8266_uno,20171130,2,68.68,53.62,36.83,126,244,30,339,39,1214.21,6,0,339,39,2,0,1214.21,
Hardware_Playground_esp8266_uno_relay,20171130,2,68.9,53.4,36.79,295,347,18,105,0,403.23,4,0,105,0,2,0,403.23,
Hardware_Playground_heater_actuator_node,20171130,2,69.2,65.63,45.41,990,1095,31,313,23,1022.22,4,0,313,23,2,0,1022.22,
Hardware_Playground_hy_adapter,20171130,2,10.21,13.26,1.35,22,21,6,25,3,56.38,0,0,25,3,2,0,56.38,
Hardware_Playground_led_strip_actuator_node,20171130,2,36.9,36.8,13.58,209,301,23,276,26,561.69,6,0,276,26,2,0,561.69,
Hardware_Playground_leds_array,20171130,2,92.46,92.58,85.6,142,285,93,356,7,1273.67,2,0,356,7,2,0,1273.67,
Hardware_Playground_livolo_1_channel_1way_eu_switch,20171130,2,43.1,43.5,18.75,31,126,28,204,17,522.72,2,0,204,17,2,0,522.72,
Hardware_Playground_livolo_2_channels_1way_eu_switch,20171130,2,43.47,43.7,18.99,52,171,33,550,57,886.07,4,0,550,57,2,0,886.07,
Hardware_Playground_lm317_adj_supply,20171130,2,112.4,60.9,68.45,39,81,14,162,101,889.87,2,2,162,101,2,2,889.87,
Hardware_Playground_minimal_node_rfm69w,20171130,2,27.7,25.2,6.98,58,142,30,321,33,528.32,2,0,321,33,2,0,528.32,
Hardware_Playground_multisensor_cr123,20171130,2,48.3,22.26,10.75,64,174,47,371,30,768.54,2,0,371,30,2,0,768.54,
Hardware_Playground_multisensor_cr2032,20171130,2,36.08,36.08,13.02,147,263,21,417,39,727.64,7,0,417,39,2,0,727.64,
Hardware_Playground_nrf52832_coin,20171130,2,36.18,36.18,13.09,20,104,1,134,62,213.86,4,0,134,62,2,0,213.86,
Hardware_Playground_nrf52832_uno,20171130,2,68.83,53.59,36.89,36,168,46,320,42,1451.73,4,0,320,42,2,0,1451.73,
Hardware_Playground_nrf5x_coin,20171130,2,36.13,36.13,13.05,41,107,23,286,60,640.26,4,0,286,60,2,0,640.26,
Hardware_Playground_orange_pi_zero_node,20171130,2,46.15,48.15,22.22,164,255,48,113,1,403.74,2,0,113,1,2,0,403.74,
Hardware_Playground_pro_mini,20171130,2,50.65,30.25,15.32,95,146,26,156,6,391.59,7,0,156,6,2,0,391.59,
Hardware_Playground_rfm69w_adapter,20171130,2,20.15,16.15,3.25,87,149,30,304,30,328.3,4,0,304,30,2,0,328.3,
Hardware_Playground_rpi_zero,20171130,2,65.15,30.15,19.64,169,273,44,184,5,472.73,4,0,184,5,2,0,472.73,
Hardware_Playground_rpi_zero_ws2812,20171130,2,65.15,30.15,19.64,40,98,8,94,65,289.68,2,0,94,65,2,0,289.68,
Hardware_Playground_samd51_micropython,20171130,2,35.81,19.05,6.82,22,132,39,279,59,490.45,2,0,279,59,2,0,490.45,
Hardware_Playground_sd_wav_pcm5100,20171130,2,39.8,50.07,19.93,329,487,50,460,24,957.39,2,0,460,24,2,0,957.39,
Hardware_Playground_serial_gw_ATMEGA328P,20171130,2,44.6,19.96,8.9,115,254,33,398,25,672.92,4,0,398,25,2,0,672.92,
Hardware_Playground_serial_gw_ATSAMD21E,20171130,2,39.05,21.35,8.34,78,180,32,359,33,612.18,4,0,359,33,2,0,612.18,
Hardware_Playground_serial_gw_maple_mini,20171130,2,70.16,50.15,35.18,189,248,45,88,2,485.65,4,0,88,2,2,0,485.65,
Hardware_Playground_usb_shield,20171130,2,70.2,30.15,21.17,201,245,6,39,4,181.97,4,0,39,4,2,0,181.97,
Hardware_Playground_wifi_lights,20171130,2,46.6,48.1,22.42,33,88,22,180,7,558.86,2,0,180,7,2,0,558.86,
Hardware_Playground_ws281x_led_strip_controller,20171130,2,44.95,23.5,10.56,118,227,20,315,32,561.06,3,0,315,32,2,0,561.06,
HaveSome_PCB_HaveSomePCB,4,2,7.77,18.56,1.44,14,26,3,90,8,86.36,2,0,90,8,2,0,86.36,
Helium_helium_1-6,3,2,87.0,65.03,56.57,112,373,69,1170,153,2086.1,8,4,1170,153,2,4,2086.1,
HellScribe_HellScribe,4,2,173.89,28.6,49.73,51,139,41,297,71,1367.67,2,0,297,71,2,0,1367.67,
HiFiAudioCodecModule_HiFiAudioCodecModule,4,2,25.55,25.55,6.53,26,98,26,178,15,293.69,8,9,178,15,2,9,293.69,
HillhacksLantern_LEDLantern,4,2,20.15,121.15,24.41,22,44,12,119,0,462.39,2,0,119,0,2,0,462.39,
Hornbill-ESP32-DEV_Hornbill Devboard,4,2,25.55,60.98,15.58,51,213,75,930,95,1290.6,8,0,930,95,2,0,1290.6,
Hornbill-ESP32-Minima_Beacon32,20171130,2,46.21,46.21,21.35,40,166,46,334,39,692.92,1,0,334,39,2,0,692.92,
Horticulture_Light_EQ_3-Band_3 channel led driver rev0.4,4,2,122.07,25.55,31.19,292,439,53,631,23,1074.88,30,0,631,23,2,0,1074.88,
Horticulture_Light_EQ_3-Band_light,20171130,2,551.33,12.85,70.85,390,525,47,554,26,3760.75,19,1,554,26,2,1,3760.75,
Hypfer-RGB-W-LED-Controller_led_strip_controller,4,2,73.81,80.16,59.17,31,109,33,303,7,1450.97,3,0,303,7,2,0,1450.97,
I2CTempsensor_sensors,4,2,21.69,21.69,4.7,6,24,5,83,1,140.71,0,0,83,1,2,0,140.71,
ID-FIX_scanConnect,4,2,35.49,31.32,11.12,8,24,8,19,0,44.12,1,0,19,0,2,0,44.12,
IGN01A_IGN01A,4,2,50.1,45.1,22.6,24,101,18,224,0,651.41,1,3,224,0,2,3,651.41,
IR-Transponder-ATTiny85-v2_Transponder_v2,4,2,19.15,23.15,4.43,12,35,14,65,3,90.73,2,0,65,3,2,0,90.73,
ISO-port_ch340-usb-serial-isolated,3,2,50.1,50.1,25.1,39,127,24,233,58,517.91,4,0,233,58,2,0,517.91,
Inhibition_amplifier.kicad_pcb-CNC version (with some problems),4,2,99.16,99.16,98.33,67,262,119,428,58,2375.23,2,0,428,58,2,0,2375.23,
Inhibition_amplifier,4,2,99.16,99.16,98.33,75,276,119,476,31,2310.76,2,0,476,31,2,0,2310.76,
Inkjet_InkjetBreakout,4,2,24.23,30.58,7.41,2,27,14,123,6,327.88,2,0,123,6,2,0,327.88,
Inkjet_InkjetDriver,4,2,36.93,89.0,32.87,19,145,80,317,49,1205.36,3,0,317,49,2,0,1205.36,
Inkjet_PiezoDriver,4,2,29.31,75.03,21.99,11,92,59,0,0,0.0,1,21,0,0,2,21,0.0,
Inkjet__autosave-InkjetDriver,4,2,36.93,89.0,32.87,19,145,80,317,49,1205.36,3,0,317,49,2,0,1205.36,
JLink-SWD_JLink-SWD,4,2,32.41,30.63,9.93,16,66,17,91,18,235.37,3,0,91,18,2,0,235.37,
JavierIH_kameshield,4,2,31.9,68.09,21.72,11,60,27,71,0,211.61,1,0,71,0,2,0,211.61,
Kefersender_UKW TX,20171130,2,38.6,27.1,10.46,40,117,27,337,74,445.87,7,0,337,74,2,0,445.87,
Keyboard_PCB_Keyboard,4,2,290.15,190.15,551.72,391,1120,146,1399,62,12251.24,4,0,1399,62,2,0,12251.24,
Keyboard_tenkey,20171130,2,76.05,96.49,73.38,58,221,55,487,6,1365.86,0,4,487,6,2,4,1365.86,
KiCad-LTC6802-2_main,4,2,50.95,40.79,20.78,9,79,23,114,0,478.52,4,0,114,0,2,0,478.52,
KiCad-Library_Teensy_test_layout,4,2,254.15,127.15,323.15,1441,2563,408,4357,374,11571.69,19,2,4357,374,2,2,11571.69,
KiCad-Like-a-Pro-Tutorial_proj2-sevensegment,4,2,46.12,24.79,11.43,11,47,22,74,5,271.73,1,1,74,5,2,1,271.73,
KiCad-Like-a-Pro-Tutorial_rf24-breakout-v1,4,2,33.12,21.94,7.27,3,18,8,42,0,229.11,1,0,42,0,2,0,229.11,
KiwiSDR_PCB_ant,20171130,2,138.15,38.15,52.7,85,199,36,420,54,841.52,4,0,420,54,2,0,841.52,
KosselHotendBoard_KosselHotendPCB,4,2,21.74,35.5,7.72,10,31,12,53,0,214.13,0,0,53,0,2,0,214.13,
L6235-PCB_L6235,4,2,69.95,66.14,46.26,34,90,23,221,0,939.5,1,0,221,0,2,0,939.5,
LAUNCHXL-F28027-isolation-PCB_project1,20171130,2,49.6,20.1,9.97,19,48,12,185,11,323.81,6,0,185,11,2,0,323.81,
LED-Square_PT4115_LED-Square_PT4115,4,2,50.1,50.1,25.1,30,79,12,325,176,530.88,23,0,325,176,2,0,530.88,
LED-grid-8x8_LED grid 8x8,4,2,68.73,53.49,36.76,11,84,52,61,0,666.29,2,1,61,0,2,1,666.29,
LED-strip_PWM_LED-strip_PWM,20171130,2,29.85,10.2,3.04,16,46,14,158,10,222.91,3,0,158,10,2,0,222.91,
LED_Clock_AM_led_clock,20171130,2,100.1,50.1,50.15,65,212,49,769,26,2449.9,0,2,769,26,2,2,2449.9,
LED_port-status_LED_port-status-CA-CC-combo,20171130,2,23.9,9.12,2.18,15,41,17,59,8,77.91,4,0,59,8,2,0,77.91,
LED_port-status_LED_port-status-CA,3,2,23.9,9.12,2.18,13,41,17,59,8,77.91,4,0,59,8,2,0,77.91,
LED_port-status_LED_port-status,4,2,23.9,12.65,3.02,21,153,17,131,18,199.79,5,0,131,18,2,0,199.79,
LMS6002-Pmod_LMS6002-Pmod,4,2,76.35,48.92,37.35,58,384,83,891,65,1840.02,3,0,891,65,2,0,1840.02,
LPC2148_Stick_LPC2148_stick,20171130,2,132.15,51.15,67.59,73,331,97,1915,116,5513.91,2,0,1915,116,2,0,5513.91,
LPC2148_Stick__autosave-LPC2148_stick,20171130,2,132.15,51.15,67.59,73,331,97,1915,116,5513.91,2,0,1915,116,2,0,5513.91,
LSU_4-9_O2_Sensor_Controller_LO2SC,20171130,2,48.15,48.15,23.18,28,110,30,269,28,776.77,1,0,269,28,2,0,776.77,
LT3652EvalBoard_LT3652EvalBoard,4,2,49.95,49.95,24.95,47,105,26,186,8,460.1,2,0,186,8,2,0,460.1,
LVDS2TMDS_LVDS2TMDS,4,2,43.9,19.15,8.41,26,82,31,71,13,273.78,2,0,71,13,2,0,273.78,
LadyBugShield_LBS-TEST1,3,2,39.27,36.73,14.42,31,69,18,255,12,473.53,0,0,255,12,2,0,473.53,
LadyBugShield_LadyBugShield,20171130,2,66.99,54.67,36.63,51,164,33,439,20,1048.95,1,0,439,20,2,0,1048.95,
LadybugLiteBlue_HW_LadybugBlueLite,4,2,57.6,52.6,30.3,71,219,63,427,37,694.8,4,0,427,37,2,0,694.8,
LaundryMeasure_ac-ac,4,2,42.31,24.53,10.38,6,16,4,20,0,85.14,0,0,20,0,2,0,85.14,
LeeChee_1800,20171130,2,378.51,156.96,594.12,587,2066,399,5942,381,22648.87,3,10,5942,381,2,10,22648.87,
LiFePO4-Charge-Controller_LiFePO4-Charge-Controller,20171130,2,66.32,61.08,40.51,51,172,45,334,1,888.55,3,0,334,1,2,0,888.55,
LiPoSensor_lipo_sensor,20171130,2,32.36,18.9,6.11,31,116,31,275,12,460.29,2,6,275,12,2,6,460.29,
Librecalc-Hardware__autosave-calculator,20171130,4,100.2,50.25,50.35,146,679,128,3477,309,4438.17,6,0,3477,309,4,0,4438.17,
LimitSwitchesPlugin_LimitSwitchesPlugin,4,2,66.14,55.98,37.03,8,52,15,186,15,864.28,0,0,186,15,2,0,864.28,
LizardBoard_lizard,4,2,11.1,43.85,4.87,11,37,13,77,5,221.92,0,1,77,5,2,1,221.92,
LoLin_Designs_LoLin,4,2,56.66,66.19,37.51,10,48,30,23,0,111.01,10,2,23,0,2,2,111.01,
LoRaCatKitty_NodeLoRaGroveKitty,4,2,50.1,50.1,25.1,42,203,76,578,77,1315.06,2,0,578,77,2,0,1315.06,
LoRaCatTrack_GPSLoRa,4,2,80.15,55.15,44.2,32,138,54,327,21,1224.68,2,17,327,21,2,17,1224.68,
LoRaPP_loramod,4,4,50.15,18.15,9.1,78,249,62,722,150,677.35,4,0,722,150,4,0,677.35,
LoRaWAN_GPS_MINI-ULTRA-PRO,20171130,2,25.55,56.03,14.32,62,263,81,714,129,1202.38,11,0,714,129,2,0,1202.38,
LoRaWAN_GPS_lorawan_gps,20171130,2,95.15,20.15,19.17,120,313,43,935,93,1253.02,5,0,935,93,2,0,1253.02,
LogicBoxen_LogicBoxen,4,2,50.1,35.1,17.59,47,179,50,392,50,794.31,1,28,392,50,2,28,794.31,
LongPixel_AnalogDriverMini,20171130,2,49.2,28.6,14.07,20,62,16,152,26,313.53,6,0,152,26,2,0,313.53,
Lys_Lys,4,2,53.15,79.15,42.07,78,578,66,818,82,1651.33,8,2,818,82,2,2,1651.33,
MAGFest-2017-Swadges_magfest_badges,4,2,99.95,50.15,50.13,35,134,43,390,22,1263.66,2,0,390,22,2,0,1263.66,
MAPone_MAP_append,20171130,2,70.1,30.1,21.1,37,132,34,430,0,1183.18,1,0,430,0,2,0,1183.18,
MAPone_MAPone,4,2,70.1,30.1,21.1,37,132,34,430,0,1183.18,1,0,430,0,2,0,1183.18,
MAVRIC_Hardware_ArduinoPracticeBoard,4,2,38.38,36.92,14.17,15,81,29,212,34,539.48,2,0,212,34,2,0,539.48,
MAVRIC_Hardware_Motherboard,4,2,144.15,55.15,79.5,53,334,158,456,52,1604.24,2,0,456,52,2,0,1604.24,
MAVRIC_Hardware_SoilBoard,4,2,28.09,38.88,10.92,16,58,16,144,18,233.71,2,0,144,18,2,0,233.71,
MAVRIC_Hardware__autosave-Motherboard,4,2,144.15,55.15,79.5,53,334,158,456,52,1604.24,2,0,456,52,2,0,1604.24,
MAVRIC_Hardware_pcieduino,3,2,51.05,30.1,15.37,32,180,41,500,57,999.73,2,0,500,57,2,0,999.73,
MOD-MPU9150_mod-mpu9150,4,2,22.48,16.76,3.77,17,65,26,125,9,210.6,2,0,125,9,2,0,210.6,
MSGEQ7-Breakout-Board_MSGEQ7_Breakout_Board,4,2,43.15,25.5,11.01,13,35,11,53,0,134.38,3,0,53,0,2,0,134.38,
MYS-PMS7003_MYS-PMS7003,4,2,92.15,60.15,55.43,43,172,42,704,50,2253.47,3,0,704,50,2,0,2253.47,
MagSpoofPI_MagSpoofinThePi,4,2,65.14,30.18,19.66,17,92,45,125,0,540.78,2,5,125,0,2,5,540.78,
MeArm-Wireless-PCB_MeArmWireless,4,2,65.1,56.1,36.52,31,157,29,382,38,1203.61,12,0,382,38,2,0,1203.61,
Mechaduino-DR_Mechaduino DR 1.01,4,2,57.15,57.15,32.66,70,257,75,811,76,1255.44,4,0,811,76,2,0,1255.44,
MicroMaple_MicroMaple,4,2,38.25,38.25,14.63,39,170,53,923,64,1410.04,2,5,923,64,2,5,1410.04,
Microdox-PCB_Microdox-LEDs,4,2,153.46,135.63,208.13,47,502,57,777,31,3596.83,2,4,777,31,2,4,3596.83,
Microdox-PCB_Microdox-topMCU,20171130,2,153.46,133.85,205.4,36,472,45,567,4,1797.83,2,21,567,4,2,21,1797.83,
Microdox-PCB_Microdox,4,2,153.46,135.63,208.13,38,484,50,777,24,3301.63,2,0,777,24,2,0,3301.63,
Microdox-PCB_Print-Microdox,4,2,153.46,135.63,208.13,38,484,50,756,24,3289.58,2,7,756,24,2,7,3289.58,
Microdox-PCB_pcbbackup,20171130,2,153.46,135.63,208.13,47,502,57,777,29,3613.39,2,14,777,29,2,14,3613.39,
Mini-Ultra-8-MHz_RS-MINI-ULTRA-8M,20170123,2,18.56,39.52,7.34,24,110,36,322,45,507.25,4,0,322,45,2,0,507.25,
Minitel_bbb-adapter,4,2,58.57,80.16,46.95,15,163,104,180,5,829.98,1,0,180,5,2,0,829.98,
Minitel_driver_board,4,2,83.97,53.49,44.92,29,105,42,168,3,787.52,1,0,168,3,2,0,787.52,
Minitel_video_output_stage,4,2,78.89,66.19,52.22,21,64,21,47,0,334.36,0,17,47,0,2,17,334.36,
MixSID_mixsid,4,2,62.38,57.55,35.9,76,313,106,1114,25,2771.86,2,0,1114,25,2,0,2771.86,
MonApollo_analog-board,4,2,200.15,150.15,300.53,506,1596,370,3858,262,16043.41,3,0,3858,262,2,0,16043.41,
MonApollo_digital-board,4,2,200.15,150.15,300.53,240,1021,274,3340,165,16294.96,2,0,3340,165,2,0,16294.96,
MoonLander_MoonLander,4,2,38.0,22.88,8.69,107,267,64,432,31,585.07,3,4,432,31,2,4,585.07,
MySRaspiGW_MySRaspiGW,4,2,11.6,12.0,1.39,5,22,9,69,3,93.4,0,0,69,3,2,0,93.4,
MySRaspiGW_MySRaspiGW_PA_LNA,4,2,11.6,12.0,1.39,5,22,9,65,2,97.98,0,0,65,2,2,0,97.98,
MySRaspiGW_MySRaspiGW_PA_LNA_Pimoroni,4,2,11.9,15.6,1.86,5,22,9,69,2,95.99,0,0,69,2,2,0,95.99,
MySRaspiGW_MySRaspiGW_Pimoroni,4,2,11.6,16.3,1.89,5,22,9,65,1,117.31,0,0,65,1,2,0,117.31,
MySensorIRBlaster_IR Blaster,4,2,47.79,35.82,17.12,54,174,44,547,59,1015.05,2,3,547,59,2,3,1015.05,
MySensorsNode_LE-BOX-0028,4,2,76.15,96.15,73.22,66,246,48,1322,519,3599.58,2,0,1322,519,2,0,3599.58,
MySensors_SecureKeyfob_MySensors_RNDKeyfob,4,2,27.15,43.05,11.69,26,113,23,436,44,672.7,3,0,436,44,2,0,672.7,
NRC2016_banked_ram,4,2,104.29,54.11,56.43,24,217,55,631,32,3263.11,2,0,631,32,2,0,3263.11,
NRC2016_usb_sio,4,2,104.29,33.17,34.59,27,158,51,297,24,1637.93,2,0,297,24,2,0,1637.93,
NRC2016_z80,4,2,104.88,111.86,117.31,37,354,57,860,36,4980.15,5,0,860,36,2,0,4980.15,
NavigationThing_NavigationThing,4,2,64.15,58.15,37.3,39,133,27,240,0,642.73,3,0,240,0,2,0,642.73,
NavigationThing_NavigationThingBacklight,4,2,22.15,8.15,1.81,6,18,4,23,0,51.71,0,0,23,0,2,0,51.71,
NeoWall_NeoWall,4,2,70.15,70.15,49.21,15,42,6,90,51,396.81,6,0,90,51,2,0,396.81,
Neptune-Hardware_DataAcquisitionBoard,4,2,99.21,68.73,68.19,15,58,15,103,0,674.1,1,0,103,0,2,0,674.1,
NiMH-Charger_NiMH Charger,4,2,94.08,62.96,59.24,24,80,20,143,0,1012.22,1,0,143,0,2,0,1012.22,
NightClock_ESPBoard,20171130,2,49.63,45.82,22.74,25,94,27,146,10,510.66,2,4,146,10,2,4,510.66,
NoVo-Pi_NoVoPi,4,2,54.85,66.35,36.39,24,102,58,112,0,660.34,1,1,112,0,2,1,660.34,
NodeMcu-v3-LiPoly-LiIon-Backpack_NodeMcuLiPolyBackpack,4,2,19.94,26.26,5.24,16,35,9,64,0,138.67,0,6,64,0,2,6,138.67,
OLD-Stepper-motor-board-design-project_Stepper motor driver,20171130,2,35.96,35.96,12.93,17,70,24,257,150,473.37,2,0,257,150,2,0,473.37,
Omega2-Berrydock_berrydock-mini,4,2,50.15,50.15,25.15,88,330,111,1513,156,1543.57,3,0,1513,156,2,0,1543.57,
Omega2-mini-dock_Omega2 mini-dock,4,2,38.25,61.11,23.37,17,111,32,131,12,389.79,2,0,131,12,2,0,389.79,
OpAmpPassXsistorBenchSupply_OpAmpPassXsistorBenchSupply,20171130,2,99.8,99.8,99.59,89,215,40,355,15,1195.46,9,0,355,15,2,0,1195.46,
Open-Source-Power-Supply_PowerSupply_PCB,4,2,87.14,83.33,72.62,50,121,26,228,14,909.77,2,0,228,14,2,0,909.77,
Open-Source-Power-Supply_PowerSupply_PCB_backup,4,2,87.14,83.33,72.62,55,127,26,0,0,0.0,2,90,0,0,2,90,0.0,
OpenAVRc_Mega_2560 core mini_full_2.0,4,2,89.73,59.89,53.74,110,462,117,1492,118,3414.42,1,4,1492,118,2,4,3414.42,
OpenBot_openbot,4,2,44.55,53.44,23.81,30,110,26,259,18,803.02,2,0,259,18,2,0,803.02,
OpenHardwareExG_ActiveElectrode_OpenHardwareExG_ActiveElectrode,4,4,19.4,19.4,3.77,14,37,10,133,5,163.68,4,0,133,5,4,0,163.68,
OpenHardwareExG_Shield_OpenHardwareExG_Shield,20171130,4,125.19,59.79,74.85,204,546,140,1050,147,2280.31,10,0,1050,147,4,0,2280.31,
OpenHardwareExG_Shield_OpenHardwareExG_Shield_Test_Board,3,4,147.42,81.38,119.97,139,390,105,1056,296,3948.75,4,0,1056,296,4,0,3948.75,
OpenHardwareExG_Shield_OpenHardwareExG_Shield_Test_Board_all_panelled,20171130,4,147.42,81.38,119.97,139,390,105,1056,296,3948.75,4,0,1056,296,4,0,3948.75,
OpenMPPT_OpenMPPT,4,2,74.95,47.15,35.34,42,151,19,460,136,1073.31,9,0,460,136,2,0,1073.31,
OpenTheremin_V3_Shield_OpenThereminCC,4,2,60.1,100.1,60.16,109,290,52,962,69,2107.1,3,1,962,69,2,1,2107.1,
OpenVNAVI_driver unit,4,2,172.7,56.28,97.2,78,479,165,1270,45,2684.98,2,0,1270,45,2,0,2684.98,
OpenVNAVI_motor unit,4,2,17.63,17.25,3.04,6,14,4,48,0,69.33,1,0,48,0,2,0,69.33,
OricMouse_OricMouse,4,2,85.24,71.27,60.75,43,247,82,390,0,1997.02,3,0,390,0,2,0,1997.02,
OvenController_Oven,4,2,100.23,100.23,100.45,83,238,48,488,1,2041.17,1,0,488,1,2,0,2041.17,
Own-Mailbox-Hardware_eth,4,4,50.4,50.4,25.4,99,465,156,2642,212,2399.92,6,0,2642,212,4,0,2399.92,
Own-Mailbox-Hardware_mailbox-before,20171130,4,50.1,50.1,25.1,154,717,281,4636,308,2884.24,3,58,4636,308,4,58,2884.24,
Own-Mailbox-Hardware_mailbox,4,4,50.4,50.4,25.4,99,465,156,2625,211,2371.85,6,0,2625,211,4,0,2371.85,
Own-Mailbox-Hardware_pierre,20171130,4,50.1,50.1,25.1,141,681,230,2426,261,2589.38,3,7,2426,261,4,7,2589.38,
P8000_WDC_Emulator_P8000_WDC_Emulator,4,2,144.38,160.78,232.14,214,500,116,1503,27,9162.25,4,0,1503,27,2,0,9162.25,
PCB_constant_current_ac_hv,4,2,81.15,22.15,17.97,12,17,5,17,0,132.35,1,0,17,0,2,0,132.35,
PCB_serie_led_strip,4,2,91.15,10.15,9.25,12,22,11,9,0,42.66,11,0,9,0,2,0,42.66,
PCB_small_halogen_replacement,4,2,40.15,50.15,20.14,43,89,36,126,0,327.69,0,0,126,0,2,0,327.69,
PCIE-to-MXM-Adapter_PCIEx1toMXM3.0,20171130,2,100.1,97.75,97.85,34,419,205,694,135,2575.11,4,11,694,135,2,11,2575.11,
PDB_OSD_HARDWARE_Quadcopter Power Board,4,4,38.1,44.7,17.03,140,273,59,377,41,439.41,5,0,377,41,4,0,439.41,
PGA2311_pga2311,4,2,50.1,50.1,25.1,26,65,18,142,8,403.52,4,0,142,8,2,0,403.52,
PICA_pica,20171130,2,114.45,95.07,108.81,135,568,161,884,40,2491.25,11,0,884,40,2,0,2491.25,
PICA_rampzbackup,20171130,2,129.63,97.13,125.91,76,411,134,245,0,820.28,0,165,245,0,2,165,820.28,
POV_POV,20171130,2,69.6,23.6,16.43,16,35,15,91,0,335.0,1,0,91,0,2,0,335.0,
PSU-5V-6V-Dual9V_PSU-5V-6V-Dual9V,4,2,100.15,100.15,100.3,103,212,23,394,132,1296.15,10,0,394,132,2,0,1296.15,
PWRmeter_PWMeter,4,2,100.15,50.15,50.23,20,75,16,120,29,682.45,2,0,120,29,2,0,682.45,
Paperino_HW_Paperino_shield,4,2,70.15,37.05,25.99,7,64,24,106,5,475.11,5,0,106,5,2,0,475.11,
Paperino_HW_paperino_breakout,20171130,2,41.91,43.47,18.22,7,28,13,33,0,168.16,0,0,33,0,2,0,168.16,
Paperino_HW_paperino_module,4,2,25.55,22.15,5.66,20,94,29,256,33,421.65,4,0,256,33,2,0,421.65,
Phased-Array-Microphone-using-FPGA_SateliteMicrophone,4,2,16.15,40.15,6.48,21,48,11,103,11,153.17,2,0,103,11,2,0,153.17,
Photodiode_dethead,4,2,50.1,23.1,11.57,22,54,14,103,4,187.07,2,0,103,4,2,0,187.07,
Pi-Zero-SD-and-Audio-Out_BaseBoard,4,2,64.1,40.1,25.7,57,250,46,537,87,1265.01,2,1,537,87,2,1,1265.01,
PiBook_pibook,20171130,2,85.1,85.1,72.42,174,601,103,1596,109,4419.24,4,1,1596,109,2,1,4419.24,
PiPlay_AudioHAT,4,2,65.1,30.1,19.6,43,205,29,465,56,935.41,2,2,465,56,2,2,935.41,
PiPlay_SDHat,4,2,65.1,30.1,19.6,23,157,22,250,32,648.06,2,0,250,32,2,0,648.06,
PiZeroHub_PiZeroHub,4,2,65.1,26.1,16.99,37,155,37,406,56,549.63,3,23,406,56,2,23,549.63,
PixyWirelessShield_Shield PIXY,4,2,36.98,26.18,9.68,4,26,10,38,0,175.19,0,0,38,0,2,0,175.19,
Planet_Vocab,3,2,53.49,68.73,36.76,33,104,21,223,0,782.17,1,0,223,0,2,0,782.17,
PmodHDMIIn_PmodHDMIIn,4,2,43.23,34.34,14.85,33,147,31,400,26,872.95,2,0,400,26,2,0,872.95,
PoEPi-hardware__autosave-pizero-poe,4,2,93.9,30.1,28.26,85,309,92,945,79,1266.54,10,3,945,79,2,3,1266.54,
PoEPi-hardware_pizero-poe,4,2,81.9,30.1,24.65,77,289,85,921,69,1209.49,8,2,921,69,2,2,1209.49,
PocketBone_pocketbone-kicad,4,4,55.15,35.15,19.39,65,587,385,891,151,1302.84,4,0,891,151,4,0,1302.84,
PowerGloveUHID_main_board,4,2,113.66,55.24,62.79,57,211,59,420,74,2130.99,3,16,420,74,2,16,2130.99,
PowerGloveUHID_sensor_board,4,2,48.41,43.33,20.98,18,46,12,53,2,322.93,2,0,53,2,2,0,322.93,
Practicas-Curso-Kicad_Ej2,20171130,2,40.79,61.11,24.93,15,94,22,229,18,494.35,3,2,229,18,2,2,494.35,
Practicas-Curso-Kicad_Ejercicio2,4,2,40.79,61.11,24.93,15,94,22,253,11,703.0,3,1,253,11,2,1,703.0,
Practicas-Curso-Kicad_Ejercicio_2,4,2,0.0,0.0,0.0,15,94,22,276,26,504.2,3,0,276,26,2,0,504.2,
Practicas-Curso-Kicad_Fusari_Diego,4,2,27.45,16.66,4.57,6,13,5,16,2,46.84,0,0,16,2,2,0,46.84,
Practicas-Curso-Kicad_Ivan-Dmytrow,4,2,27.45,17.93,4.92,6,13,5,16,2,45.25,0,0,16,2,2,0,45.25,
Practicas-Curso-Kicad_PRY_EJ1,4,2,34.44,17.93,6.18,6,13,5,17,2,53.62,0,0,17,2,2,0,53.62,
Practicas-Curso-Kicad_Salguero_Federico2,4,2,40.79,61.11,24.93,15,94,22,236,16,503.51,3,0,236,16,2,0,503.51,
Practicas-Curso-Kicad_mainenti_miguel,4,2,27.33,19.2,5.25,6,13,5,17,2,50.19,0,0,17,2,2,0,50.19,
ProtoHead_v4_Protohead_v4_FAB_rc1,4,2,53.1,14.1,7.49,7,46,12,94,0,196.82,3,2,94,0,2,2,196.82,
Protoboard-DIP-for-CHIP_chip-dip-protoboard,4,2,40.79,55.39,22.6,121,274,70,463,0,816.82,0,7,463,0,2,7,816.82,
Prototyping_Workshop_Prototyping_PCB,20170123,2,160.1,32.69,52.33,47,135,41,259,1,699.08,0,0,259,1,2,0,699.08,
PsuFanController_FanController,20171130,2,43.32,25.65,11.11,12,32,10,37,0,180.17,0,0,37,0,2,0,180.17,
QRPCard_QRPCard,4,2,87.27,76.86,67.08,33,116,21,174,15,483.13,2,0,174,15,2,0,483.13,
R1002_R1002,20171130,2,47.15,33.45,15.77,13,117,25,157,14,456.04,3,0,157,14,2,0,456.04,
R1007_R1007,20171130,4,69.15,38.75,26.8,36,188,32,327,117,641.58,18,0,327,117,4,0,641.58,
RASPMINI_RASPmini,4,2,65.1,56.1,36.52,15,92,37,138,0,713.88,6,9,138,0,2,9,713.88,
RC2014_RC2014 IDE,4,2,99.21,49.68,49.29,12,127,30,227,21,1360.42,2,0,227,21,2,0,1360.42,
RC2014_RC2014 RAM,4,2,99.21,49.68,49.29,11,110,41,348,23,2649.01,0,0,348,23,2,0,2649.01,
RC2014_RC2014 Tandy Sound Card,20171130,2,99.21,49.68,49.29,32,195,49,567,89,2325.36,1,0,567,89,2,0,2325.36,
RFM69-PowerMonitor_RFM69-PowerMonitor,20171130,2,29.15,57.15,16.66,19,77,14,163,0,424.44,0,0,163,0,2,0,424.44,
RFM69HCW_ATSHA204A_Breakout_RFM69HCW_ATSHA204A_Breakout,4,2,29.36,24.91,7.32,9,48,15,109,2,206.16,2,0,109,2,2,0,206.16,
RF_SIGNAL_GENERATOR_HARDWARE_RF Signal Generator,20171130,4,46.66,22.91,10.69,98,397,88,942,369,1107.79,10,0,942,369,4,0,1107.79,
RGBMatrixPanelCPLD-PhotonBackpack_RGBMatrixPanel_CPLD,4,2,71.37,59.94,42.78,52,269,72,778,80,1870.97,11,0,778,80,2,0,1870.97,
RGBMatrixPanelCPLD-PhotonBackpack_RGBMatrixPanel_CPLD_negative,4,2,71.37,51.05,36.44,28,186,59,374,57,984.52,4,0,374,57,2,0,984.52,
RGBMatrixPanelCPLD-PhotonBackpack_RGBMatrixPanel_CPLD_positive,4,2,71.37,51.05,36.44,28,186,59,374,57,984.52,4,0,374,57,2,0,984.52,
RN2483shield_RN2483shield,4,2,69.05,53.75,37.11,8,119,14,115,14,407.64,3,2,115,14,2,2,407.64,
RPi-ATtiny85-Programmer_rpi_attiny85_programmer,4,2,39.77,22.5,8.95,11,26,13,66,0,211.02,3,0,66,0,2,0,211.02,
RPi-PWM-Fan-interface_RPi PWM Fan interface,4,2,20.72,18.95,3.93,5,22,12,18,0,42.79,2,0,18,0,2,0,42.79,
RSL_RSL,4,2,160.88,81.13,130.52,49,179,46,491,18,2101.57,2,5,491,18,2,5,2101.57,
RX5808_diversityModule,4,2,56.65,25.15,14.25,44,145,34,365,62,451.25,5,0,365,62,2,0,451.25,
RX5808_rx5808_4button,20171130,2,50.1,29.6,14.83,54,186,53,617,64,926.03,8,0,617,64,2,0,926.03,
Radar-System_fmcw_radar,20171130,4,51.15,25.15,12.86,30,145,24,439,214,553.56,7,0,439,214,4,0,553.56,
Radio-FM-TEA5767_radio tea5767,3,2,49.5,58.14,28.78,33,125,34,284,8,775.14,6,3,284,8,2,3,775.14,
RainbowFox_RainbowFox,4,2,304.93,95.38,290.83,316,1220,166,3738,113,18333.63,8,1,3738,113,2,1,18333.63,
Raspberry-Pi-Soft-Power-Controller_Switching Supply TPS563208 MCI,4,2,45.2,20.2,9.13,10,24,7,59,18,107.07,8,0,59,18,2,0,107.07,
Raspberry-Pi-Soft-Power-Controller_Zero Current Soft Power,4,2,64.7,28.6,18.5,27,47,9,90,5,241.42,2,0,90,5,2,0,241.42,
RaspberryPi-PoE_PoELLi_PI,4,2,85.1,56.1,47.74,46,164,72,291,36,667.06,9,0,291,36,2,0,667.06,
ReST32_ReST RRD-FGC-Adapter,4,2,28.9,43.65,12.61,40,96,23,243,21,654.96,2,0,243,21,2,0,654.96,
ReST32_ReST SD-Module,4,2,33.01,40.01,13.21,15,57,8,86,11,305.31,2,0,86,11,2,0,305.31,
ReST32_ReST,20171130,2,100.01,100.01,100.02,163,643,177,1981,154,4949.74,14,21,1981,154,2,21,4949.74,
ReST32_combined,20171130,2,64.76,43.51,28.18,53,137,28,329,32,960.26,2,3,329,32,2,3,960.26,
Retro1DecodingModules_AddressDecoderModule,4,4,51.2,18.18,9.31,5,68,33,202,1,524.99,2,0,202,1,4,0,524.99,
RoBoC_CameraAdaptor,4,2,0.0,0.0,0.0,6,52,22,144,16,705.49,2,0,144,16,2,0,705.49,
RoBoC_RoboticsMKII,4,2,49.63,99.16,49.21,94,345,106,1614,136,3635.2,13,0,1614,136,2,0,3635.2,
S1G-Mod_JST_Adapter,20160815,2,30.9,28.15,8.7,7,27,21,80,37,238.55,2,0,81,37,2,0,243.85,
S1G-Mod_S1G_Mod_868,20160815,4,60.15,33.45,20.12,91,361,106,822,244,1049.69,14,0,822,244,4,0,1049.69,
S4A-Mini-board_s4a-mini-board,4,2,53.44,49.63,26.52,27,85,29,177,1,979.47,2,0,177,1,2,0,979.47,
SAMPad_SAMPad,4,2,73.28,116.14,85.1,154,573,79,1942,127,5540.64,8,0,1942,127,2,0,5540.64,
SIUSBSC_SIUSBSC,4,2,25.43,25.43,6.46,31,98,31,199,15,221.77,1,0,201,15,2,0,225.39,
SMDBreakouts_smd_breakout,4,2,21.74,21.61,4.7,8,80,16,126,0,277.35,0,0,126,0,2,0,277.35,
SMDBreakouts_smd_breakout_quad,4,2,21.74,21.61,4.7,8,80,16,126,0,277.35,0,0,126,0,2,0,277.35,
SNAP-Badge_SNAP_badge,4,2,63.65,127.15,80.93,157,471,115,1514,268,5089.85,4,0,1514,268,2,0,5089.85,
SPEX_HAB_Mainboard_Hardware_Power,4,2,84.1,82.39,69.29,123,369,68,1246,199,2544.46,5,1,1246,199,2,1,2544.46,
SPEX_HAB_Mainboard_Hardware_Spex-Mainboard-Hardware,20171130,4,100.15,80.15,80.27,134,517,144,1215,191,2610.17,13,4,1215,191,4,4,2610.17,
SPEX_HAB_Mainboard_Hardware_Spex-Mainboard-Hardware_rev1,20171130,4,100.15,80.15,80.27,134,517,144,1215,191,2610.17,13,4,1215,191,4,4,2610.17,
SPEX_HAB_Mainboard_Hardware__autosave-Power,4,2,84.1,82.39,69.29,120,369,68,1246,199,2544.46,5,1,1246,199,2,1,2544.46,
SPEX_HAB_Mainboard_Hardware__autosave-Spex-Mainboard-Hardware,20171130,4,100.15,80.15,80.27,134,517,144,1217,191,2611.23,13,4,1217,191,4,4,2611.23,
SPI-shift-register-CS_SPI shift register CS,4,2,114.4,29.31,33.53,22,119,18,181,14,1206.73,2,0,181,14,2,0,1206.73,
STM32F303_LQFP48_STM32_LQFP48,20171130,2,50.15,26.15,13.11,19,127,46,516,40,1092.41,2,0,516,40,2,0,1092.41,
STM32F373_LQFP48_STM32_LQFP48,20171130,2,50.15,26.55,13.31,20,129,46,482,41,1088.2,2,0,482,41,2,0,1088.2,
SensebenderMicro2_SensebenderMicro2,20170123,2,21.6,32.1,6.93,86,209,45,576,43,598.15,2,1,576,43,2,1,598.15,
Sensory_Adaptation_Bot_sa_bot,20171130,2,120.1,120.1,144.24,67,259,73,878,212,2897.61,10,7,878,212,2,7,2897.61,
Shift-in-32-HC165_shift-in,4,2,109.37,38.25,41.83,28,222,42,594,0,1717.6,10,0,594,0,2,0,1717.6,
Shift-out-32-HC595_Shift-out,4,2,116.99,33.17,38.81,27,220,42,452,16,1471.85,9,0,452,16,2,0,1471.85,
SimpleCPLD_SimpleCPLD,4,4,51.33,18.44,9.46,16,114,42,388,30,683.89,2,0,388,30,4,0,683.89,
Simple_84_Keyboard_84,4,2,307.49,114.45,351.92,194,693,124,1446,167,7916.71,0,0,1446,167,2,0,7916.71,
Smart-Watch_BON-PCB,3,2,35.66,35.66,12.72,13,22,11,37,0,209.14,1,0,37,0,2,0,209.14,
Smart-Watch_SmartWatch,3,4,35.66,35.66,12.72,89,352,66,1257,184,1560.41,18,1,1257,184,4,1,1560.41,
SmartLaserCO2-PCB_LaserPointer,3,2,36.6,37.6,13.76,5,9,3,5,0,49.85,2,0,5,0,2,0,49.85,
SmartLaserCO2-PCB_OptAdjust,3,2,42.1,42.1,17.72,7,18,4,18,1,78.75,2,0,18,1,2,0,78.75,
SmartLaserCO2-PCB_SmartLaserShield,3,2,79.1,53.1,42.0,40,210,34,403,50,1430.14,2,0,403,50,2,0,1430.14,
SmartLaserCO2-PCB_WaterCool,3,2,36.68,37.44,13.73,9,16,2,29,1,111.97,2,0,29,1,2,0,111.97,
SmartLaserCO2-PCB__autosave-SmartLaserShield,3,2,79.1,53.1,42.0,40,210,34,403,50,1430.14,2,0,403,50,2,0,1430.14,
SmartLaserMiniShield_SmartLaserMiniShield,3,2,81.1,51.6,41.85,33,185,29,291,18,1198.31,2,0,291,18,2,0,1198.31,
Solar_Project_Solar,4,4,143.86,80.36,115.61,132,441,105,890,310,2556.12,40,0,890,310,4,0,2556.12,
Solare-BQ24210_Solare-BQ24210,20160815,2,27.25,16.05,4.37,15,40,12,153,52,224.07,3,0,153,52,2,0,224.07,
SparkSwitch_SparkProtectionSwitch,4,2,40.15,32.15,12.91,15,31,7,142,72,350.66,2,0,142,72,2,0,350.66,
SpindleController_spindle_controller,20171130,2,66.41,114.5,76.04,69,210,52,567,0,1790.12,2,1,567,0,2,1,1790.12,
Starburst-One_alpha,4,2,15.39,23.01,3.54,3,40,20,63,4,107.85,0,0,63,4,2,0,107.85,
Starling_Starling_V1,4,2,60.2,23.9,14.39,25,124,43,802,58,1565.75,2,0,802,58,2,0,1565.75,
Starling__autosave-Starling WiPSU ver_0.1,4,2,60.15,19.7,11.85,26,70,17,217,7,461.76,0,0,217,7,2,0,461.76,
Starling_matrix,20171130,2,26.47,65.65,17.38,29,117,40,516,54,1030.38,2,8,516,54,2,8,1030.38,
StickIt-MB_StickIt-Hat,20171130,2,65.1,56.1,36.52,42,196,52,358,19,1173.79,5,0,358,19,2,0,1173.79,
SunLeaf_SunLeaf_V2,20160815,4,77.6,40.1,31.12,158,466,117,1293,220,1945.41,21,0,1293,220,4,0,1945.41,
SynthDrumTrigger_Synth Drum Trigger,20171130,2,52.1,48.1,25.06,31,73,18,97,0,311.29,1,0,97,0,2,0,311.29,
T962A-UpgradeBoard_T962A-UpgradeBoard,4,2,35.5,57.21,20.31,37,158,39,488,72,728.2,6,0,488,72,2,0,728.2,
TB6600StepperDriver_DEW_TB6600-V1,3,2,86.46,66.77,57.73,75,238,58,567,20,2736.4,0,0,567,20,2,0,2736.4,
TCKB_Kicad_TCKB,4,2,285.1,94.7,269.99,383,1023,155,2369,247,12296.61,2,0,2369,247,2,0,12296.61,
TLPHnodeV2_TLPHnodeV2,20160815,4,28.2,20.7,5.84,35,139,23,271,27,329.19,2,0,271,27,4,0,329.19,
TMC261-stepstick_TMC261-stepstick-v1.1,4,2,101.06,54.71,55.29,41,331,87,1098,107,3050.06,30,0,1098,107,2,0,3050.06,
TMC261-stepstick_TMC261-stepstick-v1,4,2,18.31,19.1,3.5,22,99,22,267,23,283.79,0,0,267,23,2,0,283.79,
TOBS_HybridChargeController,20171130,2,87.15,87.15,75.95,103,358,91,766,127,2162.69,20,2,766,127,2,2,2162.69,
TPS63001-Breakout_TPS63001 Breakout 25x25,4,2,25.15,25.15,6.33,14,41,12,132,56,218.73,6,0,132,56,2,0,218.73,
TPS63001-Breakout_TPS63001 Breakout,4,2,20.6,20.1,4.14,16,43,12,150,50,203.84,7,0,150,50,2,0,203.84,
TTNEnschedeMote_ArduinoNanoRN2483,20171130,2,47.19,33.22,15.68,6,109,30,57,5,355.16,3,0,57,5,2,0,355.16,
TX5823_TX5823,4,4,50.2,50.2,25.2,98,402,116,1069,138,1525.21,19,0,1069,138,4,0,1525.21,
Teensy-3.5-Breakout-Boaard_PropShield_Uno,4,2,68.73,53.49,36.76,19,95,62,216,4,1154.39,0,0,216,4,2,0,1154.39,
Teensy-3.5-Breakout-Boaard_Teensy 35 Breakout v1,20171130,2,99.16,106.78,105.88,41,318,87,384,1,2602.03,0,0,384,1,2,0,2602.03,
Teensy-3.5-Breakout-Boaard_Teensy 35 Breakout v2,4,2,93.06,99.67,92.76,42,326,88,477,1,2703.9,0,0,477,1,2,0,2703.9,
Teensy-3.5-Breakout-Boaard_TeensyMegaIoShield,4,2,101.75,59.45,60.49,47,291,84,1140,26,3392.44,0,0,1140,26,2,0,3392.44,
Teensy-3.5-Breakout-Boaard_Teensy_Uno,4,2,138.58,67.46,93.49,28,245,66,426,14,3082.47,0,0,426,14,2,0,3082.47,
Teensy-3.5-Breakout-Boaard_Test,4,2,71.27,80.16,57.13,9,194,54,153,1,971.19,0,0,153,1,2,0,971.19,
Teensy-Hats_Teensy-7-Segment-Hat,4,2,37.23,18.18,6.77,7,65,23,80,3,143.66,2,0,80,3,2,0,143.66,
Teensy-Hats_Teensy-LCD-LiDAR-Hat,4,2,80.16,36.34,29.13,16,97,27,133,7,574.7,3,0,133,7,2,0,574.7,
Teensy-Hats_Temperature-Monitor-Hat,4,2,80.41,36.22,29.12,8,72,17,95,7,586.28,2,1,95,7,2,1,586.28,
TeensyProtoboard_TeensyProtoboard,4,2,48.41,62.38,30.2,43,157,38,192,0,557.8,0,0,192,0,2,0,557.8,
Theia_Theia,20171130,2,54.1,40.1,21.69,16,67,21,118,11,489.26,2,2,118,11,2,2,489.26,
ThinkerShield_ThinkerShield,4,2,69.1,69.1,47.75,48,132,29,307,34,876.13,2,0,307,34,2,0,876.13,
Thremal-Printer_thermal printer,20171130,2,82.02,43.03,35.29,17,117,43,306,35,1118.28,2,0,306,35,2,0,1118.28,
TinySimon_TinySimon,4,2,28.8,28.8,8.3,20,48,10,215,22,415.64,0,1,215,22,2,1,415.64,
TinyTracker_ub-minimal,4,4,38.15,16.15,6.16,65,230,42,769,131,657.9,8,0,769,131,4,0,657.9,
ToslinkCNC_Toslink PlanetCNC ECO shield,4,2,59.2,60.15,35.61,5,62,16,227,33,1262.68,2,0,227,33,2,0,1262.68,
ToslinkCNC__autosave-ToslinkCNC_OneAxis,4,2,50.15,52.15,26.15,43,179,39,674,62,1363.66,2,0,674,62,2,0,1363.66,
ToslinkCNC_toslink_arduino_shield,4,2,82.25,53.85,44.29,20,126,24,684,81,2243.59,2,0,684,81,2,0,2243.59,
TripleDelay2399_TripleDelay2399,3,2,85.15,80.15,68.25,157,356,90,560,42,1903.95,5,0,560,42,2,0,1903.95,
Ttl_wlan_radar,4,4,55.14,25.11,13.85,128,431,97,1857,509,1527.39,10,0,1857,509,4,0,1527.39,
TurbiGnUSB_Turbidignusb,20171130,2,30.1,80.1,24.11,29,74,17,147,7,370.47,2,3,147,7,2,3,370.47,
UCCBPCB_USB_CAN_CONVERTER_BASIC,4,2,26.76,14.75,3.95,22,124,20,291,10,278.12,5,0,291,10,2,0,278.12,
ULPI-Pmod_ULPI-Pmod,20160815,2,40.79,26.82,10.94,17,96,31,235,11,445.08,2,0,235,11,2,0,445.08,
UProgrammer-Hardware_Programmer,4,2,76.3,50.9,38.84,78,263,65,856,78,1837.9,2,0,856,78,2,0,1837.9,
USB-Adapter_USB Adapter,4,2,47.05,23.05,10.85,19,72,14,153,6,468.53,2,0,153,6,2,0,468.53,
USB-TypeC-breakout-board_USB-TypeC-breakout-board,4,2,50.15,50.15,25.15,2,54,18,115,4,537.74,2,6,115,4,2,6,537.74,
USBtin_USBtin,20171130,2,32.05,65.05,20.85,21,87,33,149,4,440.71,2,0,149,4,2,0,440.71,
UltrasonicSystem_Schematic,20171130,2,145.1,110.1,159.76,94,264,86,679,10,3365.66,2,0,679,10,2,0,3365.66,
UniversalBoard4Nucleo_Nucleo_Universal_Board,4,2,70.1,57.64,40.41,68,419,79,634,3,1263.88,2,0,634,3,2,0,1263.88,
Usb-Serial-Breakout-Cp2102_cp2102,20160815,2,21.94,15.85,3.48,10,63,18,126,12,148.26,2,0,126,12,2,0,148.26,
Usb_dac_dac,4,2,74.5,99.7,74.28,91,276,64,603,65,1722.24,2,1,603,65,2,1,1722.24,
VB-IoT1_VB-IoT1_v1,4,4,66.1,86.1,56.91,178,847,253,5166,533,8490.25,5,0,5166,533,4,0,8490.25,
VC4000MultiROM_MultiRomCard,4,2,160.1,100.1,160.26,55,371,131,1237,132,6199.33,2,0,1237,132,2,0,6199.33,
VM-sensor-PT1000_vm-sensor-pt100,20160815,2,36.15,50.65,18.31,27,61,11,171,44,516.11,1,0,171,44,2,0,516.11,
VariableGainAmplifier_AnalogFrontEnd,20171130,2,63.65,43.53,27.7,57,161,36,476,57,1114.15,2,0,476,57,2,0,1114.15,
Vento_Vento,20160815,4,81.15,27.15,22.03,97,386,124,1223,269,1541.2,17,4,1223,269,4,4,1541.2,
WHCS-Base-Station_base-station,3,2,85.83,87.35,74.97,69,195,43,559,108,2534.73,4,0,559,108,2,0,2534.73,
WS2811LEDMatrix_matrixcontrol,4,2,50.1,50.1,25.1,43,180,42,492,25,1348.08,2,0,492,25,2,0,1348.08,
WeatherSpot_Weather_station_unit,4,2,50.65,25.5,12.91,42,144,50,363,54,508.77,3,3,363,54,2,3,508.77,
WeatherSpot_vreg_pressure,4,2,16.1,14.11,2.27,6,19,7,35,0,80.31,0,0,35,0,2,0,80.31,
WemosLoraTracker_wemosGPSrfm,4,2,26.57,82.95,22.04,20,93,26,310,95,1057.87,2,0,310,95,2,0,1057.87,
Wifi-Play-Board_Wifi_PB,20170123,2,100.15,49.85,49.92,207,547,135,1515,74,3097.09,4,0,1515,74,2,0,3097.09,
Wkaku_wkaku,4,2,45.36,48.41,21.96,17,56,21,79,2,313.19,1,0,79,2,2,0,313.19,
WordClock_v2.0_WordClock_v2,4,2,105.65,33.72,35.63,25,92,27,220,0,693.02,0,0,220,0,2,0,693.02,
Youyue-858D-plus-FAN-speed-mod_youyue-858d-plus-fan-speed-mod,4,2,17.1,30.5,5.22,22,45,13,111,13,206.63,0,0,111,13,2,0,206.63,
Youyue-858D-plus-MCU-adapter_youyue-858d-plus-mcu-adapter,3,2,20.4,46.0,9.38,14,150,27,193,0,439.44,0,0,193,0,2,0,439.44,
a123-battery-integration_BCM,4,4,66.14,73.76,48.78,67,262,87,466,88,1065.18,17,0,466,88,4,0,1065.18,
abus-cfa1000-display-grabber_acs-display-grabber,4,2,100.15,100.15,100.3,47,246,55,758,91,3577.29,2,0,758,91,2,0,3577.29,
airqualitystation_hardware,20171130,2,44.3,44.3,19.62,30,110,21,238,32,476.01,1,0,238,32,2,0,476.01,
akuhei_akuhei,20171130,2,23.09,23.53,5.43,9,62,25,151,14,293.69,2,0,151,14,2,0,293.69,
analog_esr_meter_esr_meter_rev_a,4,2,68.83,78.28,53.88,71,151,30,168,1,714.35,1,0,168,1,2,0,714.35,
analog_esr_meter_esr_meter_rev_b,4,2,68.83,78.28,53.88,88,163,30,170,0,709.77,9,0,170,0,2,0,709.77,
analogevse_AnalogEVSE,4,2,101.81,84.79,86.32,80,201,49,475,4,1896.31,9,0,475,4,2,0,1896.31,
android_debug_cable_android_debug_cable,20170123,2,25.61,10.61,2.72,11,60,25,232,19,276.54,0,0,232,19,2,0,276.54,
anima_MotorDrive,20171130,2,54.71,63.6,34.8,62,207,80,525,46,1518.9,0,0,525,46,2,0,1518.9,
antdroid-board_antdroid-board,20171130,2,99.46,53.73,53.43,60,234,93,275,2,1110.04,2,0,275,2,2,0,1110.04,
apa102lantern_apa102-lantern-esp8266,4,2,63.6,63.6,40.45,27,96,29,137,1,397.32,4,0,137,1,2,0,397.32,
apa102lantern_apa102-lantern-side,4,2,25.5,109.32,27.88,12,62,20,88,0,515.78,2,0,88,0,2,0,515.78,
arduino-led-driver_arduino-led-driver,4,2,0.0,0.0,0.0,118,359,78,945,145,2099.36,15,0,945,145,2,0,2099.36,
arduino_arduino leds,20171130,2,99.16,49.63,49.21,29,86,23,116,0,732.53,2,0,116,0,2,0,732.53,
arf154_arf154,4,4,18.39,46.33,8.52,30,159,61,270,25,385.84,3,28,270,25,4,28,385.84,
atmegax8-protoboard_atmegax8-protoboard,4,2,21.49,54.25,11.66,7,70,27,72,3,267.7,2,0,72,3,2,0,267.7,
atmel-programmer_atmel_programmer,4,2,76.3,58.52,44.65,12,138,77,107,5,785.58,2,0,107,5,2,0,785.58,
audio_relay_input_switch_relay_switch,4,2,25.75,64.72,16.67,20,81,22,205,3,550.07,0,0,205,3,2,0,550.07,
audprog_audprog_v2,20171130,2,45.15,30.15,13.61,33,132,37,351,9,699.98,3,0,351,9,2,0,699.98,
autohat-board_autohat-rig,4,2,75.55,114.15,86.24,96,431,112,767,61,2556.02,4,0,767,61,2,0,2556.02,
autohat-board_inverted-usd-adapter,4,2,17.16,35.13,6.03,2,16,8,28,0,234.21,0,0,28,0,2,0,234.21,
autohat-board_usd-adapter,4,2,17.16,35.13,6.03,2,16,8,47,8,268.95,0,0,47,8,2,0,268.95,
avr-divecomputer_dc,20171130,2,101.7,96.62,98.26,60,281,45,396,37,1994.26,3,0,396,37,2,0,1994.26,
avr-fuser-32_adapter,4,2,159.77,79.76,127.42,19,244,20,923,145,5792.67,2,0,923,145,2,0,5792.67,
avr-fuser-32_hvpp,4,2,72.14,100.08,72.19,70,217,81,464,21,2405.43,2,0,464,21,2,0,2405.43,
avr_frs_shield_avr_frs,20171130,2,68.73,53.49,36.76,34,122,44,216,6,800.27,0,0,216,6,2,0,800.27,
avr_ledprojector_avr_ledprojection-0402,3,2,25.5,34.64,8.83,91,299,104,1322,62,786.6,4,0,1322,62,2,0,786.6,
avr_ledprojector_avr_ledprojection,3,2,50.1,50.1,25.1,111,292,104,1255,34,1259.86,4,0,1255,34,2,0,1259.86,
badge2015_badge2015,20171130,2,76.3,76.3,58.22,57,190,71,529,67,1889.09,3,1,529,67,2,1,1889.09,
badge2016_Badge_init,20171130,2,100.15,57.55,57.64,650,668,10,131,1,458.43,0,0,131,1,2,0,458.43,
balena-rover-wide-hat_resin-rover,20170123,2,85.15,58.15,49.51,116,326,94,614,55,1684.06,2,0,614,55,2,0,1684.06,
basic_esp_board_basic_esp_board,4,2,67.04,44.55,29.87,27,123,29,348,35,1111.75,2,0,348,35,2,0,1111.75,
battmanpi_battmanpi,3,2,65.05,56.05,36.46,80,246,63,427,1,1363.31,4,0,427,1,2,0,1363.31,
beast-phat_beast-phat,20170123,2,65.1,69.6,45.31,19,84,42,90,7,323.79,1,0,90,7,2,0,323.79,
bee-light-measurement-matrix_bee-light-measurement-matrix,4,2,59.84,65.17,39.0,54,226,61,723,17,2496.18,2,0,723,17,2,0,2496.18,
beer-gauge_beer-gauge,20171130,4,70.0,95.4,66.78,74,303,64,818,151,2064.09,8,5,818,151,4,,2064.09,
beer-gauge_sensorboard,4,2,31.9,38.25,12.2,16,54,7,97,19,165.64,1,0,97,19,2,0,165.64,
beryl_rain_beryl_rain,4,2,26.77,49.63,13.29,18,65,13,174,17,468.68,4,0,174,17,2,0,468.68,
bikedar_bikedar,20171130,4,50.15,50.15,25.15,52,223,45,714,153,945.19,13,0,714,153,4,0,945.19,
bishboria_ErgoDox,3,2,183.22,159.25,291.78,65,820,65,1174,6,5338.3,2,1,1174,6,2,1,5338.3,
blackmagic-isolated_mmp,4,2,15.4,50.15,7.72,39,160,58,439,44,529.27,2,0,439,44,2,0,529.27,
bldc-gimbal-1d_gimbal-board,4,2,81.1,25.1,20.36,34,133,33,354,49,762.3,6,0,354,49,2,0,762.3,
bldc-gimbal-1d_r1_gimbal-board,4,2,79.15,45.15,35.74,34,133,33,368,37,922.55,6,0,368,37,2,0,922.55,
blink-errr_blink-errr,20171130,2,34.2,34.2,11.7,10,24,9,31,1,81.52,2,1,31,1,2,1,81.52,
blinktronicator_.kicad_pcb,3,2,24.07,24.08,5.8,37,128,45,414,43,384.62,0,0,414,43,2,0,384.62,
blinky-badge_blinky,20171130,2,40.11,39.98,16.03,18,110,12,91,9,412.79,1,0,91,9,2,0,412.79,
bms-8s50-ic_bms-8s50-ic,20171130,2,110.1,60.1,66.17,168,634,143,1439,255,2847.39,30,0,1439,255,2,0,2847.39,
bmw-ibus-bluetooth_bmw_bt_cdcemu_analog,4,2,49.15,30.15,14.82,51,113,29,181,0,308.95,2,0,181,0,2,0,308.95,
bmw-ibus-bluetooth_bmw_bt_cdcemu_digital,4,2,60.15,40.15,24.15,58,219,65,362,12,780.03,2,0,362,12,2,0,780.03,
board_armjtag_pmod_compatible_armjtag-pmod,4,2,40.03,20.47,8.19,4,41,12,58,0,235.18,2,0,58,0,2,0,235.18,
boards_shift-register-demo-v2,4,2,104.29,35.71,37.24,36,103,27,203,2,932.85,2,0,203,2,2,0,932.85,
boatcontrol_CommonCathode60A,20171130,4,153.05,114.05,174.55,18,164,33,337,0,3624.34,2,0,337,0,4,0,3624.34,
boatcontrol_NonLatchingNO30A,20171130,4,153.05,114.05,174.55,27,140,49,499,0,5675.35,2,0,499,0,4,0,5675.35,
bobc_LCD-panel-adapter-lvc,3,2,40.79,48.41,19.75,13,78,25,261,9,838.34,0,0,261,9,2,0,838.34,
bobc_MS-F100,3,2,50.9,17.88,9.1,33,165,52,557,23,1010.89,2,0,557,23,2,0,1010.89,
bobc_control_panel,3,2,91.38,73.38,67.06,35,147,27,358,0,2392.27,0,0,358,0,2,0,2392.27,
bobc_led_clock,3,2,100.1,50.1,50.15,65,210,37,767,26,2424.6,0,0,767,26,2,0,2424.6,
bobc_matrix_clock,4,2,100.1,98.1,98.2,36,284,95,868,60,5606.76,0,0,868,60,2,0,5606.76,
bobc_mbeduinopresso,3,2,100.1,87.1,87.19,37,276,77,788,14,3974.0,0,0,788,14,2,0,3974.0,
bpnode-bb_BPnode-BB,4,2,19.96,49.43,9.87,10,74,18,218,27,466.15,2,0,218,27,2,0,466.15,
breakout-boards_50-to-100,4,2,15.34,17.88,2.74,2,20,10,55,4,112.74,0,0,55,4,2,0,112.74,
breakout-boards_avr-isp-x2,4,2,8.99,11.53,1.04,2,12,6,12,0,41.26,0,0,12,0,2,0,41.26,
breakout-boards_esp8266-jtag,4,2,30.63,28.6,8.76,14,72,24,166,7,344.83,2,0,166,7,2,0,344.83,
breakout-boards_swd-and-uart,4,2,12.8,25.5,3.26,3,23,12,45,6,95.19,1,0,45,6,2,0,95.19,
breakout-boards_swd-to-wires,4,2,12.8,14.07,1.8,2,18,9,42,1,69.72,2,0,42,1,2,0,69.72,
breakout-boards_usb-5v-3v3,4,2,25.1,18.1,4.54,10,37,8,20,0,49.62,4,0,20,0,2,0,49.62,
bristle_bot_light_follow_bristle_bot,3,2,50.14,35.15,17.62,17,35,9,43,0,224.39,2,0,43,0,2,0,224.39,
bt-tnc_bttnc2,4,2,70.15,40.16,28.17,105,364,115,1123,148,1796.8,2,0,1123,148,2,0,1796.8,
bt-tnc_tnc,3,2,56.72,31.15,17.67,55,196,39,352,19,598.57,2,0,352,19,2,0,598.57,
bullion_bullion,20171130,2,45.29,33.69,15.26,21,108,45,226,22,545.86,3,0,226,22,2,0,545.86,
bumps_bumps,4,2,111.22,65.5,72.86,138,619,101,1334,46,3604.88,6,22,1334,46,2,22,3604.88,
busblaster-to-swd_busblaster-to-swd,4,2,22.15,35.15,7.79,7,42,10,118,5,255.34,2,0,118,5,2,0,255.34,
bypass_crossmix_bypass_crossmix,4,2,70.1,50.1,35.12,61,166,44,641,86,1531.33,2,0,641,86,2,0,1531.33,
can_firewall_hardware_CAN_Firewall,4,2,68.1,58.1,39.57,80,367,138,1281,167,2307.21,4,0,1281,167,2,0,2307.21,
cap-soil-moisture-v2_soil-moisture2x4,20171130,2,44.95,44.93,20.19,21,68,27,92,0,343.17,0,2,92,0,2,2,343.17,
card_card,20171130,2,55.1,85.1,46.89,10,53,21,143,12,480.17,8,0,143,12,2,0,480.17,
cat-trainer_feather32u4_mma8452_pcb,4,2,56.15,57.15,32.09,11,67,32,107,4,630.8,1,0,107,4,2,0,630.8,
cat-trainer_teensy_base_pcb,20171130,2,70.0,52.22,36.55,28,98,27,126,3,778.7,1,5,126,3,2,5,778.7,
cdi-tach_cdi-tach,4,2,100.15,70.15,70.26,70,312,74,948,99,2658.0,8,0,948,99,2,0,2658.0,
cdm324_backpack_cdm324,4,2,25.15,25.15,6.33,29,72,18,165,13,217.54,1,0,165,13,2,0,217.54,
chip_lcd_dip_CHIP_LCD_DIP,4,2,41.55,61.24,25.45,26,223,85,723,50,1745.46,3,1,723,50,2,1,1745.46,
ciurlys_ciurlys,20160815,2,41.15,12.15,5.0,17,47,12,116,9,260.24,1,0,116,9,2,0,260.24,
cjmcu2_CJMCU2,4,2,57.98,57.35,33.25,68,250,85,885,45,1902.79,3,0,885,45,2,0,1902.79,
cleanhawk250_cleanhawk250-pdb,20171130,2,134.62,79.83,107.48,80,245,45,505,74,1374.55,11,0,505,74,2,0,1374.55,
clock_cb2,4,2,110.59,38.2,42.25,41,165,50,498,5,1832.26,3,0,498,5,2,0,1832.26,
clock_lcdb4,4,2,105.51,33.12,34.94,11,87,21,315,1,1378.01,2,0,315,1,2,0,1378.01,
clunet-switch1_switch,20171130,2,0.0,0.0,0.0,36,117,48,304,0,654.39,0,0,304,0,2,0,654.39,
cnlohr_wiflier,3,2,37.85,21.6,8.18,57,207,38,800,85,805.47,3,0,800,85,2,0,805.47,
cnlohr_wiflier_B,3,2,37.85,21.6,8.18,61,216,40,908,90,804.98,3,0,908,90,2,0,804.98,
cobwebb-junction-box_CobwebbJunctionBox,4,2,150.15,50.15,75.3,8,34,9,41,0,480.22,0,3,41,0,2,3,480.22,
constant-current-h-bridge_constant_current_source,4,2,0.0,0.0,0.0,46,181,52,358,18,2113.01,7,0,358,18,2,0,2113.01,
continuity-tester_continuity-tester,4,2,25.55,25.55,6.53,14,40,10,74,1,151.99,1,0,74,1,2,0,151.99,
cookiecutter-xsproduct_{{cookiecutter.product_name}},20171130,2,49.63,20.42,10.13,6,26,10,63,0,110.89,2,0,63,0,2,0,110.89,
crossover-schiit-stack_xover4schiit,4,2,28.1,53.1,14.92,4,12,3,8,0,77.58,2,0,8,0,2,0,77.58,
custom_cpu--ALU_custom_cpu--ALU,4,2,100.15,60.15,60.24,25,129,46,303,54,1890.72,1,0,303,54,2,0,1890.72,
custom_cpu--register_custom_cpu--register,4,2,100.15,63.15,63.24,47,113,39,207,38,1341.01,1,0,207,38,2,0,1341.01,
data-manager_data-manager,20171130,2,74.15,38.15,28.29,38,189,75,402,62,1016.27,2,0,402,62,2,0,1016.27,
dc25_spqr_badge_badge-kicad,20160815,2,152.82,76.83,117.41,129,452,155,1419,96,4462.82,2,0,1419,96,2,0,4462.82,
decelerator4030_decelerator4030,3,2,192.99,94.36,182.1,180,1308,206,7707,865,28322.14,2,0,7707,865,2,0,28322.14,
denbit_basic,4,2,50.15,50.15,25.15,21,74,31,167,1,626.21,4,0,167,1,2,0,626.21,
deskbot_breakout,4,2,26.82,54.12,14.52,14,77,43,99,4,335.47,1,0,99,4,2,0,335.47,
devttys0_IRis,4,2,31.45,31.45,9.89,30,67,15,97,4,132.53,2,0,97,4,2,0,132.53,
digital_clock_led_clock_3_and_4_digit,20171130,2,152.56,101.74,155.22,138,346,86,906,53,5316.63,2,0,906,53,2,0,5316.63,
digital_clock_led_clock_v1,20171130,2,152.77,101.82,155.55,138,335,81,1065,66,6134.33,1,0,1065,66,2,0,6134.33,
disco-dongle_DiscoDongle,4,2,49.5,15.9,7.87,22,89,30,132,17,255.7,2,0,132,17,2,0,255.7,
divergence_meter_dm_control,20171130,2,89.15,47.15,42.03,107,354,83,1212,325,2402.86,45,0,1212,325,2,0,2402.86,
divergence_meter_dm_nixiebrd,4,2,188.65,42.15,79.52,51,332,104,1594,166,5578.38,16,1,1594,166,2,1,5578.38,
domotics_base-board-arranged,4,2,272.09,164.09,446.46,115,666,192,1012,0,15105.35,2,0,1012,0,2,0,15105.35,
domotics_in-board,4,2,60.1,80.1,48.14,14,56,18,94,0,438.74,0,0,94,0,2,0,438.74,
domotics_out-board,4,2,60.1,80.1,48.14,22,81,23,177,0,805.92,0,0,177,0,2,0,805.92,
domotics_power-supply,4,2,80.65,75.13,60.59,25,115,33,231,0,974.95,0,0,231,0,2,0,974.95,
domotics_relay-board,4,2,60.1,80.1,48.14,26,100,37,206,0,871.66,0,0,206,0,2,0,871.66,
dorkyboard_keyboard,4,2,436.97,114.7,501.22,433,1326,146,1701,68,12097.56,3,0,1701,68,2,0,12097.56,
draco_draco,20171130,4,47.65,62.15,29.61,172,663,154,1658,189,2416.96,2,0,1658,189,4,0,2416.96,
drawduino_drawduino,20170123,2,15.15,95.15,14.42,9,24,8,32,0,139.2,1,0,32,0,2,0,139.2,
dust_sensor_dust_sensor,4,2,50.15,45.15,22.64,32,125,41,475,39,1268.6,2,0,475,39,2,0,1268.6,
dustbox_Dustbox,20160815,2,58.15,58.15,33.81,19,33,13,46,0,283.02,0,0,46,0,2,0,283.02,
eBUS-Adapter_Groeger,4,2,38.15,38.15,14.55,14,43,13,82,0,297.47,0,0,82,0,2,0,297.47,
eBUS-Adapter_Henning,4,2,68.15,38.15,26.0,21,68,21,115,0,469.33,0,0,115,0,2,0,469.33,
edid-injector_edid-injector,4,2,35.6,62.75,22.34,44,186,64,776,326,1743.37,2,4,776,326,2,4,1743.37,
eeg_brainboard_batteryv0,3,2,86.74,54.99,47.7,65,294,36,486,39,1069.37,10,0,486,39,2,0,1069.37,
eeg_brainboard_wearable,3,4,40.1,50.9,20.41,59,246,48,698,70,990.18,5,0,698,70,4,0,990.18,
eeg_brainboard_wearable_v2,20171130,4,61.44,54.99,33.79,134,514,89,1270,126,1792.0,13,0,1270,126,4,0,1792.0,
eeg_brainboardv0,3,4,86.74,54.99,47.7,86,450,70,1003,94,2185.66,7,2,1003,94,4,2,2185.66,
eeg_brainboardv1,3,4,86.74,54.99,47.7,116,523,86,1588,146,2887.97,8,0,1588,146,4,0,2887.97,
eeg_brainboardv2,3,4,86.74,54.99,47.7,105,441,72,889,70,1463.0,6,0,889,70,4,0,1463.0,
eeg_muscleboardv0,20171130,4,33.27,36.68,12.2,54,243,48,581,57,690.17,7,0,581,57,4,0,690.17,
eink-adapter_eink,20171130,2,85.44,38.58,32.97,65,217,53,806,61,2336.21,5,0,806,61,2,0,2336.21,
elbsupply_elbsupply,4,2,105.1,64.5,67.79,103,353,100,615,74,2041.35,7,0,615,74,2,0,2041.35,
elec-power-bms_OSBMS Balancer Rev1,4,2,49.1,49.1,24.11,74,238,63,788,166,1623.1,15,0,788,166,2,0,1623.1,
elec-power-bms_rLoopPowerBms,4,2,70.1,60.1,42.13,87,270,68,1157,205,2118.65,22,0,1157,205,2,0,2118.65,
elec_power_dispatch,20171130,2,78.1,63.6,49.67,97,330,91,487,29,1024.03,6,0,487,29,2,0,1024.03,
elec_turbo_brushless,20171130,2,70.15,50.15,35.18,98,357,111,828,198,1870.11,24,1,828,198,2,1,1870.11,
epapercard_epapercard,4,2,89.05,49.68,44.24,48,171,55,461,40,1695.87,4,0,461,40,2,0,1695.87,
esp-leipa_esp-12,4,2,26.77,44.55,11.93,9,50,22,190,18,415.85,2,0,190,18,2,0,415.85,
esp-serial-terminal_esp-com,20171130,2,66.33,34.66,22.99,27,108,22,220,10,661.67,0,0,220,10,2,0,661.67,
esp12-appliance_mod_esp12-appliance-mod,20171130,2,76.3,76.3,58.22,41,106,30,182,26,627.66,9,0,182,26,2,0,627.66,
esp12-breakout_ESP12Breakout,4,2,26.82,35.07,9.41,9,48,22,69,10,200.88,0,0,69,10,2,0,200.88,
esp32-cantroller_EltekController,20171130,2,65.05,37.55,24.43,36,186,53,232,102,606.2,5,0,232,102,2,0,606.2,
esp32-ethernet_esp32-ethernet,20170123,2,54.15,40.15,21.74,40,218,54,625,61,1317.06,2,0,625,61,2,0,1317.06,
esp32-iot-uno_esp32-iot-uno-hw,20171130,2,68.63,53.4,36.65,105,319,93,1316,117,3053.1,2,2,1316,117,2,2,3053.1,
esp32stack_esp32stack,4,2,48.69,56.59,27.55,30,167,68,402,61,1169.48,2,0,402,61,2,0,1169.48,
esp8266-12f-board_esp8266,4,2,32.1,39.1,12.55,15,71,23,144,0,273.5,0,5,144,0,2,5,273.5,
esp8266-external-temp-sensor_external-temp-sensor,4,2,29.61,38.25,11.33,14,57,11,60,4,167.77,2,1,60,4,2,1,167.77,
esp8266_32x32panel_esp_12_f_595,4,2,85.88,29.36,25.21,26,187,41,1128,36,1597.92,2,0,1128,36,2,0,1597.92,
esp8266_32x32panel_esp_12_f_595_ORDERED,4,2,85.88,29.36,25.21,26,187,41,1128,36,1597.92,2,0,1128,36,2,0,1597.92,
esp8266_envmonitor_environment-monitor-1.2,4,2,31.21,52.17,16.28,16,61,27,94,4,327.57,4,0,94,4,2,0,327.57,
esp8266_envmonitor_environment-monitor-1.4,4,2,31.21,43.28,13.51,14,65,12,68,7,214.87,2,0,68,7,2,0,214.87,
esp8266_envmonitor_environment-monitor,4,2,31.21,43.28,13.51,14,65,12,68,7,214.87,2,0,68,7,2,0,214.87,
esp8266_esp-output,4,2,158.98,52.18,82.96,70,190,61,639,225,2211.22,4,0,639,225,2,0,2211.22,
esp8266_link_test_esp12e-generics,3,2,31.14,21.49,6.69,6,48,10,88,0,169.82,1,0,88,0,2,0,169.82,
esp8266_link_test_esp_micro85-only,20171130,2,12.55,15.21,1.91,20,67,13,176,0,129.1,0,0,176,0,2,0,129.1,
esp8266_network_speaker_esp_network_speaker,20171130,2,24.23,36.42,8.83,50,138,31,390,36,651.1,3,0,390,36,2,0,651.1,
esp8266_wi07_3_adapter_esp,4,2,22.2,21.56,4.79,5,26,11,54,6,115.71,0,0,54,6,2,0,115.71,
esp_hat_esp_hat,4,2,73.15,30.15,22.05,113,287,30,459,68,678.41,6,0,459,68,2,0,678.41,
esp_toggl_togglbutton,4,2,23.01,50.95,11.72,7,27,11,45,2,238.96,0,0,45,2,2,0,238.96,
espalarm_alarm,20171130,2,85.7,85.7,73.44,39,132,29,540,85,1966.47,1,0,540,85,2,0,1966.47,
espeverywhere__autosave-espeverywhere_breakout,4,2,37.15,12.15,4.51,3,19,8,24,0,106.74,2,0,24,0,2,0,106.74,
espeverywhere_espeverywhere,20171130,2,45.1,51.1,23.05,41,131,43,303,46,654.89,3,3,303,46,2,3,654.89,
espionage_esplight,4,2,41.42,29.74,12.32,14,67,26,160,14,446.1,3,0,160,14,2,0,446.1,
eurorack_headphones_eurorack_headphones,20171130,2,97.65,41.65,40.67,30,100,28,202,10,754.83,2,0,202,10,2,0,754.83,
everled_everled,4,2,25.15,30.15,7.58,9,29,8,54,0,128.07,5,0,54,0,2,0,128.07,
ezusb-logicanalyzer_cypress_logic_analyzer,4,2,35.66,40.74,14.53,13,87,51,110,4,428.21,1,0,110,4,2,0,428.21,
f.60_keyboard,4,2,285.9,95.4,272.75,129,485,81,489,18,4212.41,2,0,489,18,2,0,4212.41,
f4fc_f4fc,4,4,36.15,36.15,13.07,63,352,129,1502,162,1942.34,6,0,1502,162,4,0,1942.34,
fan_controller_fan_controller,4,2,60.15,37.15,22.35,66,169,43,288,23,534.0,7,0,288,23,2,0,534.0,
fifogfx_c64cart,4,2,58.57,80.16,46.95,6,148,44,323,0,3209.52,0,0,323,0,2,0,3209.52,
filament_extruder_extruder,4,2,57.77,60.44,34.91,37,130,30,303,4,983.48,12,0,303,4,2,0,983.48,
filament_extruder_sensor,4,2,26.0,81.0,21.06,6,36,11,111,0,473.03,0,0,111,0,2,0,473.03,
fingerprint-with-esp32_quet van tay,4,2,68.63,53.4,36.65,9,61,42,106,6,562.66,2,0,106,6,2,0,562.66,
firefly-jar_solar_lamp,4,2,68.27,68.27,46.61,11,31,10,59,0,285.64,0,0,59,0,2,0,285.64,
flatpack2-adapter_EltekFlatpack2,20171130,2,43.8,81.05,35.5,17,80,9,26,116,78.59,21,0,26,116,2,0,78.59,
flip32plus_flip32,4,2,36.1,36.1,13.03,60,260,91,929,71,1445.94,3,0,929,71,2,0,1445.94,
fp2_extension_sample_fp2_usb_breakout,20171130,2,17.89,23.21,4.15,2,13,5,12,2,28.36,1,0,12,2,2,0,28.36,
free-of-charge_BMS,3,2,89.05,33.17,29.54,100,412,121,1131,74,1910.16,4,0,1131,74,2,0,1910.16,
freeDSP-CLASSIC-SMD-BALANCED_FreeDSP_BAL,4,2,100.1,100.1,100.2,215,652,148,1467,57,3381.31,2,0,1467,57,2,0,3381.31,
freeDSPx-AMP-x4_freeDSPx-AMPx4,4,2,60.15,100.15,60.24,283,582,81,661,51,1388.82,37,0,663,51,2,0,1433.82,
freeUSBi_USBi_Programmer,4,2,40.15,40.15,16.12,24,90,46,235,11,618.88,2,0,235,11,2,0,618.88,
front-end-modules_LimeSDR_Sony,20171130,6,40.2,40.2,16.16,529,1090,134,2150,237,1917.12,28,0,2150,237,6,0,1917.12,
fst-01_fst-01,4,2,26.58,13.25,3.52,25,104,21,270,12,298.74,4,0,270,12,2,0,298.74,
fuzzer_fuzzer,20171130,2,33.17,33.17,11.0,19,111,38,198,28,387.43,1,6,198,28,2,6,387.43,
gadget-speed-radar_gadget_speed_radar_rev2,4,2,37.62,22.48,8.46,28,67,15,151,20,308.05,4,0,151,20,2,0,308.05,
gamelights_leds,4,2,24.45,24.15,5.9,15,59,15,125,10,239.4,0,0,125,10,2,0,239.4,
gdrom_adapter_board_adapter,20171130,2,100.1,80.1,80.18,10,155,44,601,27,3617.86,0,0,601,27,2,0,3617.86,
gepetto_circuito,20171130,2,86.76,58.56,50.81,20,78,26,212,32,1271.29,0,0,212,32,2,0,1271.29,
gpsclock_clock,3,2,48.36,78.84,38.13,10,76,28,191,15,1585.23,0,0,191,15,2,0,1585.23,
gsm-iot-core-hw_gsm-iot-core,20160815,2,25.5,64.87,16.54,92,379,93,1116,114,1792.36,2,0,1116,114,2,0,1792.36,
guitar_fret,4,2,0.0,0.0,0.0,51,147,39,471,55,1131.44,3,0,471,55,2,0,1131.44,
gwurrbus_gwurrbus-relay,20171130,2,78.37,56.44,44.23,13,93,43,141,0,573.66,25,12,141,0,2,12,573.66,
gwurrbus_pwm,4,2,147.13,87.27,128.4,37,107,31,129,0,821.76,4,0,129,0,2,0,821.76,
hackaday_esp-14_power_meter__autosave-esp-14,20171130,2,30.15,37.15,11.2,3,44,22,65,0,160.91,0,0,65,0,2,0,160.91,
hackyflasher_Flasher,4,2,67.46,99.21,66.93,14,24,8,54,6,669.45,2,0,54,6,2,0,669.45,
hamityanik_ULP-Weather-Logger,4,2,37.15,66.15,24.57,94,214,28,358,34,739.73,8,0,358,34,2,0,739.73,
hardware-designs_c-trigger,3,2,46.33,10.77,4.99,8,21,7,8,0,49.48,1,0,8,0,2,0,49.48,
hardware-designs_cc430-debug-board,3,2,49.38,36.38,17.97,14,103,33,273,16,1087.53,1,0,273,16,2,0,1087.53,
hardware-designs_energy-harvester,3,2,46.38,15.9,7.37,18,53,14,92,4,224.8,2,0,92,4,2,0,224.8,
hardware-designs_m-trigger,3,2,46.33,15.85,7.34,7,23,4,8,0,32.86,2,0,8,0,2,0,32.86,
hardware-designs_nixie-combo,3,2,99.1,70.1,69.47,27,178,67,525,35,2913.67,2,0,525,35,2,0,2913.67,
hardware-designs_nixie-power,3,2,49.15,49.15,24.16,24,50,10,110,5,304.92,1,0,110,5,2,0,304.92,
hardware-designs_si7021-board,3,2,10.01,45.57,4.56,6,21,4,34,1,113.7,2,0,34,1,2,0,113.7,
hardware-designs_soil-moisture-sensor,3,2,148.35,46.6,69.13,16,60,11,56,2,328.1,2,0,56,2,2,0,328.1,
hardware-designs_solar-harvester,3,2,46.38,15.9,7.37,18,45,9,99,3,237.56,2,0,99,3,2,0,237.56,
hardware-designs_spirit1-board,3,2,27.1,24.1,6.53,23,89,21,229,39,358.63,2,0,229,39,2,0,358.63,
hardware-designs_spsgrf-board,3,2,20.6,24.6,5.07,4,33,8,74,7,234.61,0,0,74,7,2,0,234.61,
headstage-adapter_headstage adapter,20171130,4,21.6,53.0,11.45,12,190,66,407,8,1737.33,5,0,407,8,4,0,1737.33,
helmholtz-servo_CurrentServo,4,2,130.15,85.15,110.82,102,288,52,677,42,2441.31,4,0,680,42,2,0,2762.62,
hillhacks2016_badge_badge1,4,2,50.05,100.05,50.08,24,116,14,182,2,777.03,4,0,182,2,2,0,777.03,
hm-mod-rpi-rtc_hm-mod-rpi-rtc,4,2,44.6,21.99,9.81,25,67,18,141,12,270.65,2,0,141,12,2,0,270.65,
hotstick_Wand,20171130,4,50.15,7.15,3.59,20,108,24,356,37,561.28,4,0,356,37,4,0,561.28,
hw_trials_demo,4,2,49.68,49.68,24.68,28,127,36,372,23,1184.71,2,0,372,23,2,0,1184.71,
hwstar_ac-power-monitor,4,2,100.1,50.1,50.15,62,164,35,336,40,976.55,6,0,336,40,2,0,976.55,
i2lcd__autosave-i2lcd,4,2,44.01,25.01,11.01,22,115,32,441,36,695.64,2,0,443,36,2,0,704.64,
i2lcd_i2lcd,4,2,44.01,25.01,11.01,22,115,32,441,36,695.64,2,0,443,36,2,0,704.64,
iCE40-DIO_ICE40-DIO_Rev_A,20170123,2,50.25,50.25,25.25,51,287,77,1703,205,3134.84,6,1,1703,205,2,1,3134.84,
iCE40-IO_ICE40-IO_Rev_A,20170123,2,45.25,50.25,22.74,43,164,52,751,146,2174.13,2,1,751,146,2,1,2174.13,
ice40_stm32_fsmc_test_pcb_fsmc_ice40,4,2,76.35,48.15,36.76,44,323,126,772,108,1989.1,3,0,772,108,2,0,1989.1,
icehat_icehat,20171130,4,65.1,30.1,19.6,40,212,74,519,41,1251.21,2,0,519,41,4,0,1251.21,
imfr-schematics_Telescopio,4,2,202.08,119.53,241.55,19,116,32,261,0,1491.88,1,0,261,0,2,0,1491.88,
induction-hob_temperature-sender,4,2,50.1,25.1,12.58,44,115,29,323,15,695.9,2,0,323,15,2,0,695.9,
induction-hob_temperature-sensor,4,2,7.5,7.2,0.54,12,22,6,59,8,45.96,2,0,59,8,2,0,45.96,
iotuz-esp32-hardware_IoTuz,4,2,150.1,95.1,142.75,154,569,119,1553,202,6639.07,7,0,1553,202,2,0,6639.07,
ipod-serial-adapter_s1_ipod_serial,20171130,2,21.74,49.68,10.8,36,185,30,307,19,542.96,2,0,307,19,2,0,542.96,
iso50_pcb,4,2,275.07,71.59,196.92,105,391,97,1534,132,7060.27,2,0,1534,132,2,0,7060.27,
jadonk_PocketBone,4,4,55.15,35.15,19.39,65,587,385,891,151,1302.84,4,0,891,151,4,0,1302.84,
jdy-08-board_jdy-08,4,2,31.85,38.84,12.37,5,53,24,124,1,417.3,0,0,124,1,2,0,417.3,
juno-chorus-clone_juno-chorus-clone,3,2,149.96,101.7,152.51,172,414,107,915,10,4239.27,0,0,915,10,2,0,4239.27,
karabas-nano_karabas-nano-revA,20171130,2,101.65,99.74,101.39,136,787,148,3741,434,9662.22,2,0,3741,434,2,0,9662.22,
karabas-nano_karabas-nano-revB,20171130,2,101.65,99.74,101.39,147,832,156,4125,555,9921.64,2,0,4125,555,2,0,9921.64,
karabas-nano_karabas-nano-revC,20171130,2,101.65,99.74,101.39,158,879,189,4255,591,10187.19,2,0,4255,591,2,0,10187.19,
karabas-nano_karabas-nano-revG,20171130,2,99.62,99.62,99.24,157,856,206,4082,776,10188.67,3,0,4082,776,2,0,10188.67,
karabas-nano_wifi_revA,20171130,2,51.87,31.04,16.1,11,94,73,67,30,267.04,2,0,67,30,2,0,267.04,
kassenautomat.mdb-interface_mdb-interface,4,2,100.15,100.15,100.3,80,258,73,823,40,2838.89,2,0,823,40,2,0,2838.89,
kelvindmmwifi_kelvindmmwifi,4,2,47.14,20.47,9.65,18,59,22,133,0,310.65,1,1,133,0,2,1,310.65,
keyboard_converter_adapter_ibm4704_converter_adapter_ibm4704,4,2,30.6,29.1,8.9,10,36,17,55,1,156.21,2,0,55,1,2,0,156.21,
keyboard_converter_converter,20171130,2,26.38,37.38,9.86,61,166,43,497,26,726.51,3,0,497,26,2,0,726.51,
keytee_pcb,20171130,2,32.65,11.45,3.74,38,89,31,416,36,387.54,0,0,416,36,2,0,387.54,
kicad-esp8266-led-shld_ESP8266_LED_shld,20171130,2,59.2,52.85,31.29,29,113,33,248,11,768.9,9,2,248,11,2,2,768.9,
kicad-guitar-preamp_Preamp-Instructables,4,2,0.0,0.0,0.0,11,23,6,18,0,83.14,1,0,18,0,2,0,83.14,
kicad-projects_BatCharge,4,2,20.8,20.15,4.19,11,33,9,53,10,79.11,1,0,53,10,2,0,79.11,
kicad-projects_ili9341-breakout,4,2,48.41,15.39,7.45,4,38,18,78,0,260.74,2,0,78,0,2,0,260.74,
kicad-workshop_fancyboard,4,2,48.41,30.63,14.83,18,101,46,143,8,390.2,2,1,143,8,2,1,390.2,
kicad_bbb-melzi,20171130,2,73.39,21.35,15.67,7,52,9,69,0,397.41,2,0,69,0,2,0,397.41,
kika-in-space_DS8500,4,2,45.87,21.74,9.97,21,59,14,92,4,155.59,2,0,92,4,2,0,155.59,
kika-in-space_analog-test-board,4,2,31.65,16.41,5.19,17,43,13,79,0,96.47,1,0,79,0,2,0,96.47,
kit2-led-cube_led_cube,4,2,40.15,40.15,16.12,41,130,23,301,52,572.83,2,0,302,52,2,0,612.83,
kitspace_120-channel-pogo-pin-board,20171130,4,183.83,73.63,135.36,17,291,131,1648,105,8798.6,3,0,1648,105,4,0,8798.6,
kitspace_120-channel-test-board,20171130,2,76.39,51.17,39.09,258,378,129,1125,285,2806.62,1,0,1125,285,2,0,2806.62,
kitspace_12V5A_breakout,20171130,2,48.55,45.55,22.11,18,29,3,23,0,130.21,5,0,23,0,2,0,130.21,
kitspace_12_24_boost_converter,20171130,2,45.55,48.55,22.11,22,45,10,94,0,244.33,1,0,94,0,2,0,244.33,
kitspace_40-channel-hv-switching-board,20171130,4,84.1,92.1,77.46,204,811,207,2629,474,7087.12,5,0,2629,474,4,0,7087.12,
kitspace_4_switch_array,20171130,2,45.55,48.55,22.11,22,44,16,50,0,238.71,1,0,50,0,2,0,238.71,
kitspace_8_switch_array,20171130,2,45.55,71.05,32.36,36,90,32,118,0,443.36,1,0,118,0,2,0,443.36,
kitspace_Arduino_uno_sheild,20171130,2,68.73,53.43,36.72,16,86,34,166,3,949.06,2,1,166,3,2,1,949.06,
kitspace_BQ25570_Harvester,4,2,12.83,20.96,2.69,20,68,13,176,10,193.99,6,0,176,10,2,0,193.99,
kitspace_BalthazarKeyboard3-keycaps,20171130,4,290.68,127.1,369.45,199,677,117,1763,723,7296.76,2,0,1763,723,4,0,7296.76,
kitspace_BalthazarPSU3,20220914,4,85.95,25.5,21.92,84,278,52,509,83,656.24,16,0,509,83,4,0,656.24,
kitspace_Brk40p,20171130,2,53.14,51.87,27.56,6,85,41,185,0,623.67,4,1,185,0,2,1,623.67,
kitspace_CA3306E,4,2,65.2,30.2,19.69,10,90,19,206,7,756.81,2,0,206,7,2,0,756.81,
kitspace_CH330,20171130,2,10.2,10.2,1.04,9,35,11,43,4,46.01,3,0,43,4,2,0,46.01,
kitspace_CO2,20171130,2,26.79,49.01,13.13,31,149,27,195,35,534.43,4,0,195,35,2,0,534.43,
kitspace_ChaosLooper,4,2,136.6,67.3,91.93,33,90,31,182,17,778.47,4,0,182,17,2,0,778.47,
kitspace_CocoMixtape_UGM_Kicad,4,2,86.9,45.61,39.63,30,83,14,184,0,611.03,3,1,184,0,2,1,611.03,
kitspace_Control%20Board,20171130,2,154.2,175.2,270.16,90,464,193,1597,148,6870.75,2,0,1597,148,2,0,6870.75,
kitspace_DIY_detector,20171130,2,75.15,26.15,19.65,35,65,12,104,15,291.88,4,0,104,15,2,0,291.88,
kitspace_Driverino-Shield,20171130,2,68.73,53.49,36.76,58,195,47,229,45,1022.64,102,3,229,45,2,3,1022.64,
kitspace_EEZ%20DIB%20MCU%20r1B2,20171130,4,139.15,70.15,97.61,194,906,260,9426,591,9089.44,13,0,9426,591,4,0,9089.44,
kitspace_ESP8266-PowerMonitor,20171130,2,69.65,27.35,19.05,22,75,17,144,4,425.99,0,2,144,4,2,2,425.99,
kitspace_ESPTINY86_Mixtape_version2,4,2,99.1,64.91,64.32,34,153,35,511,69,1490.43,2,7,511,69,2,7,1490.43,
kitspace_GPSMux,20171130,2,20.05,26.05,5.22,20,71,19,87,8,115.94,2,0,87,8,2,0,115.94,
kitspace_LED%20Zappelin,20171130,2,125.15,75.15,94.05,45,202,40,325,0,2266.42,1,30,325,0,2,30,2266.42,
kitspace_Lcr_addon,20171130,2,85.29,55.32,47.18,17,92,21,123,8,660.9,1,0,123,8,2,0,660.9,
kitspace_Minisumo_V2.1,20211014,4,95.15,78.15,74.36,31,190,51,439,77,1596.17,4,0,439,77,4,0,1596.17,
kitspace_Mixtape_Barebone,4,2,35.59,23.33,8.3,31,69,14,116,0,223.01,2,6,116,0,2,6,223.01,
kitspace_OSO-BOOK-C1,20211014,2,85.1,115.1,97.95,37,237,41,296,76,1920.29,2,0,296,76,2,0,1920.29,
kitspace_Oak,20211014,2,100.05,40.05,40.07,76,237,77,565,70,1797.34,2,0,565,70,2,0,1797.34,
kitspace_OpenSpritzer_1.3,20171130,2,57.7,85.2,49.16,30,102,40,175,4,844.04,1,1,175,4,2,1,844.04,
kitspace_OtterCastAudioV2,20211014,4,50.05,49.32,24.69,226,863,266,2813,451,2535.73,25,0,2813,451,4,0,2535.73,
kitspace_OtterPill,20211014,2,43.25,17.65,7.63,45,204,57,519,144,651.54,5,0,519,144,2,0,651.54,
kitspace_OtterPillG,20171130,2,43.25,17.65,7.63,38,173,56,489,119,650.3,5,6,489,119,2,6,650.3,
kitspace_OtterScreen,20171130,2,44.95,31.55,14.18,33,175,34,330,111,531.4,6,0,330,111,2,0,531.4,
kitspace_OutlineChaos,4,2,150.65,81.65,123.01,31,90,32,170,15,734.81,4,0,170,15,2,0,734.81,
kitspace_PCBs,4,2,45.34,54.04,24.5,28,126,23,249,7,651.56,2,0,249,7,2,0,651.56,
kitspace_PIS,20171130,2,26.79,49.02,13.13,24,89,19,57,0,225.66,2,0,57,0,2,0,225.66,
kitspace_PSLab,4,4,73.0,53.7,39.2,144,479,114,1653,174,3399.39,2,0,1653,174,4,0,3399.39,
kitspace_PWR,20171130,2,26.79,53.46,14.32,19,71,16,59,0,260.43,1,0,59,0,2,0,260.43,
kitspace_Potentiometer_mount_16LED,20171130,2,97.7,41.7,40.74,22,83,48,172,0,1549.26,1,0,172,0,2,0,1549.26,
kitspace_Potentiometer_mount_24LED,20171130,2,143.81,36.71,52.79,27,120,72,482,1,3690.62,1,0,482,1,2,0,3690.62,
kitspace_Potentiometer_mount_4LED,20171130,2,40.2,30.2,12.14,7,20,12,45,0,209.53,1,0,45,0,2,0,209.53,
kitspace_Potentiometer_mount_8LED,20171130,2,80.2,40.2,32.24,11,40,12,111,0,1072.33,1,0,111,0,2,0,1072.33,
kitspace_RPi_shield,20171130,2,64.06,56.18,35.99,7,58,32,23,0,200.38,1,0,23,0,2,0,200.38,
kitspace_Spikeling_ESP32,20211014,2,120.1,80.1,96.2,43,153,44,328,30,2593.12,1,1,328,30,2,1,2593.12,
kitspace_Spikeling_V2.1,20211014,2,120.1,80.1,96.2,51,193,60,361,13,2710.15,1,0,361,13,2,0,2710.15,
kitspace_Spikeling_V2.2,20211014,2,120.1,80.1,96.2,51,213,60,372,14,2747.3,1,0,372,14,2,0,2747.3,
kitspace_Spikeling_V2.2c,20211014,2,120.1,80.1,96.2,52,213,60,349,24,2586.77,1,0,349,24,2,0,2586.77,
kitspace_T32_ref,20171130,4,71.27,25.55,18.21,89,225,73,960,124,2026.54,1,0,960,124,4,0,2026.54,
kitspace_TS100C,20211014,4,84.15,10.15,8.54,64,274,79,527,108,724.66,21,0,527,108,4,0,724.66,
kitspace_TuneShroom,20171130,2,89.53,96.45,86.35,44,115,42,384,59,1202.14,0,0,384,59,2,0,1202.14,
kitspace_USB-C-Screen-Adapter-LDR6023SS,20171130,2,31.05,34.4,10.68,42,197,48,686,154,640.34,16,0,686,154,2,0,640.34,
kitspace_USB-C-Screen-Adapter,20171130,4,40.2,21.0,8.44,65,304,75,746,175,952.62,7,0,746,175,4,0,952.62,
kitspace_USB-LED-Otter,20171130,2,12.2,15.2,1.85,14,82,39,168,17,152.37,2,0,168,17,2,0,152.37,
kitspace_USBI2C01,20211014,2,30.02,40.18,12.06,26,105,26,193,11,369.5,2,0,193,11,2,0,369.5,
kitspace_USBee32-S2,20171130,4,28.19,68.31,19.26,53,231,68,816,93,1152.44,4,0,816,93,4,0,1152.44,
kitspace_Unifying,20220914,4,120.98,78.84,95.38,132,857,261,5793,425,7825.39,11,0,4766,425,4,0,7392.06,
kitspace_XassetteAsterisk,20171130,2,56.05,56.05,31.42,145,617,160,2044,265,3196.27,2,0,2044,265,2,0,3196.27,
kitspace__autosave-nunchuk_breakout,20171130,2,39.1,18.1,7.08,14,37,8,21,6,68.2,4,0,21,6,2,0,68.2,
kitspace__autosave-postcard,20171130,2,100.1,100.1,100.2,23,49,12,116,6,532.83,0,1,116,6,2,1,532.83,
kitspace_antenna_analyser,4,2,100.1,50.1,50.15,34,134,53,306,0,1303.28,2,0,306,0,2,0,1303.28,
kitspace_aquarius,20171130,2,74.15,120.15,89.09,79,249,63,545,174,2180.13,2,18,545,174,2,18,2180.13,
kitspace_ardfpga,20171130,2,69.19,53.95,37.32,76,341,84,887,186,2242.25,5,0,887,186,2,0,2242.25,
kitspace_bbq10breakout,20171130,2,16.66,21.74,3.62,4,46,16,103,10,167.43,2,0,103,10,2,0,167.43,
kitspace_beehive,20211014,2,76.15,85.12,64.82,32,122,39,204,0,1417.48,1,0,204,0,2,0,1417.48,
kitspace_bobbycar,20211014,2,61.82,27.02,16.71,29,68,10,89,19,271.28,5,0,89,19,2,0,271.28,
kitspace_bomanz,4,2,65.17,30.19,19.67,20,126,39,233,50,507.89,2,1,233,50,2,1,507.89,
kitspace_cseduinov4,4,2,48.36,50.9,24.62,22,102,30,127,2,582.46,2,0,127,2,2,0,582.46,
kitspace_d20_r0.1,20171130,4,39.3,31.05,12.2,91,570,97,1069,209,920.87,254,0,1069,209,4,0,920.87,
kitspace_d20_tri_r0.2,20171130,4,36.48,31.87,11.63,152,669,96,4393,264,2946.79,4,0,4393,264,4,0,2946.79,
kitspace_d20_tri_r0.3,20171130,4,36.48,31.87,11.63,152,669,96,4396,262,2951.98,4,0,4396,262,4,0,2951.98,
kitspace_d20_tri_r1.0,20211014,4,36.48,31.87,11.63,152,669,93,4396,262,2951.98,4,0,4396,262,4,0,2951.98,
kitspace_dropbot-front-panel,20171130,4,108.15,68.9,74.52,29,356,143,1707,227,8225.74,8,0,1707,227,4,0,8225.74,
kitspace_dropbot_control_board,20171130,4,115.1,92.1,106.01,141,415,101,1037,153,2384.17,13,0,1037,153,4,0,2384.17,
kitspace_dynamixel_shield,4,2,68.73,53.49,36.76,32,114,40,258,20,851.25,2,0,258,20,2,0,851.25,
kitspace_esp8266-12-breakout,4,2,32.49,39.47,12.83,15,62,19,229,16,601.33,4,0,229,16,2,0,601.33,
kitspace_esp8266,20170123,2,50.15,50.15,25.15,30,139,10,201,8,714.57,1,0,201,8,2,0,714.57,
kitspace_esptiny86_Stompbox,4,2,54.85,106.5,58.42,28,129,31,279,29,896.46,2,4,279,29,2,4,896.46,
kitspace_f-91w,4,2,24.5,24.48,6.0,37,167,61,617,68,635.19,6,0,617,68,2,0,635.19,
kitspace_fast_diode_pcb,20171130,2,48.95,29.26,14.32,7,29,7,28,0,84.07,1,0,28,0,2,0,84.07,
kitspace_filaSens,20171130,2,50.15,20.15,10.11,16,51,11,161,25,327.21,3,25,161,25,2,25,327.21,
kitspace_firefly,20171130,4,85.05,70.55,60.0,80,314,53,611,350,1560.37,15,0,611,350,4,0,1560.37,
kitspace_flypi,4,2,57.3,146.7,84.06,53,198,60,502,76,2226.65,1,0,502,76,2,0,2226.65,
kitspace_flypi_v2,20171130,2,76.15,85.12,64.82,35,139,44,183,0,1372.03,3,0,183,0,2,0,1372.03,
kitspace_gas_sensor,20171130,2,45.55,32.55,14.83,15,37,7,57,0,190.76,5,0,57,0,2,0,190.76,
kitspace_grove_adaptor,20171130,2,14.55,12.55,1.83,4,8,4,9,0,17.12,0,0,9,0,2,0,17.12,
kitspace_hack,4,2,36.98,19.2,7.1,32,174,48,401,33,545.23,10,0,401,33,2,0,545.23,
kitspace_hbridge_driver,20171130,2,71.05,45.55,32.36,37,84,19,112,0,427.58,5,0,112,0,2,0,427.58,
kitspace_hp_led_switch,20171130,2,45.55,71.05,32.36,30,72,20,98,0,425.03,1,0,98,0,2,0,425.03,
kitspace_hum_temp_sensor,20171130,2,48.55,27.55,13.38,12,20,6,27,0,83.11,5,0,27,0,2,0,83.11,
kitspace_ideal_diode,4,2,40.15,25.15,10.1,54,91,11,56,3,79.45,8,0,56,3,2,0,79.45,
kitspace_ir_sensor,20171130,2,32.05,100.05,32.07,5,12,5,12,0,132.46,1,0,12,0,2,0,132.46,
kitspace_led_driver,20171130,2,75.1,50.1,37.63,26,75,14,133,6,501.82,5,0,133,6,2,0,501.82,
kitspace_level_shifter,20171130,2,45.55,48.55,22.11,25,52,11,110,0,377.06,1,0,110,0,2,0,377.06,
kitspace_minisumo_v3,20211014,4,99.06,78.15,77.42,30,219,56,671,73,2413.57,3,0,671,73,4,0,2413.57,
kitspace_neotron-32,20171130,4,166.95,140.72,234.93,97,475,160,1404,101,7730.4,4,1,1404,101,4,1,7730.4,
kitspace_nunchuk_breakout,20171130,2,39.1,18.1,7.08,14,38,8,23,5,69.08,4,0,23,5,2,0,69.08,
kitspace_peltier,20171130,2,71.05,45.55,32.36,40,93,22,132,0,516.97,1,0,132,0,2,0,516.97,
kitspace_piezo_amplifier,20211014,2,0.0,0.0,0.0,43,113,29,0,0,0.0,0,74,0,0,2,74,0.0,
kitspace_pmt_combiner,20171130,2,80.05,64.55,51.67,19,55,17,115,4,676.39,0,0,115,4,2,0,676.39,
kitspace_postcard,20171130,2,100.1,100.1,100.2,23,49,12,116,6,532.83,0,1,116,6,2,1,532.83,
kitspace_power_supply,20211014,2,45.55,48.55,22.11,20,41,7,46,0,175.04,1,0,46,0,2,0,175.04,
kitspace_push-on-hold-off,4,2,23.01,12.85,2.96,17,47,9,184,13,165.63,2,1,184,13,2,1,165.63,
kitspace_sensor,4,2,62.15,65.15,40.49,68,288,54,1175,91,2000.76,9,0,1175,91,2,0,2000.76,
kitspace_solenoid_driver,20211014,2,45.55,48.55,22.11,27,48,13,74,0,273.65,1,0,74,0,2,0,273.65,
kitspace_sop8breakout,4,2,83.42,63.34,52.84,48,256,8,608,0,1714.48,0,120,608,0,2,120,1714.48,
kitspace_spike_n_hold,20171130,2,63.05,110.55,69.7,54,128,33,191,2,997.96,1,0,191,2,2,0,997.96,
kitspace_ss_relay,4,2,98.1,78.1,76.62,36,112,23,336,9,1201.87,1,0,336,9,2,0,1201.87,
kitspace_stack-light,20171130,2,132.2,60.2,79.58,131,474,129,761,159,1564.42,14,0,761,159,2,0,1564.42,
kitspace_sympetrum-v2%20FF1.1,4,2,98.87,77.45,76.58,67,204,56,555,104,1681.2,4,0,555,104,2,0,1681.2,
kitspace_sympetrum-v2%20NFF1.1,4,2,40.15,80.15,32.18,49,201,85,450,28,1095.44,4,0,450,28,2,0,1095.44,
kitspace_sympetrum-v2%20NFF1,4,2,50.1,50.1,25.1,47,198,82,380,9,832.64,5,1,380,9,2,1,832.64,
kitspace_teensy-fx,20171130,4,60.05,100.05,60.08,82,341,90,1218,115,3517.55,2,0,1218,115,4,0,3517.55,
kitspace_temp_breakout,20171130,2,45.55,48.55,22.11,14,28,4,35,0,172.11,1,0,35,0,2,0,172.11,
kitspace_test-jig,20171130,2,207.55,45.55,94.54,131,528,95,1257,123,3241.58,4,13,1257,123,2,13,3241.58,
kitspace_threeboard,20171130,2,58.22,49.33,28.72,52,176,43,404,13,1178.72,2,0,404,13,2,0,1178.72,
kitspace_tomu,4,2,13.05,11.05,1.44,16,67,23,176,13,155.63,10,0,176,13,2,0,155.63,
kitspace_training_board,20211014,2,99.13,99.13,98.27,77,210,62,278,1,1141.37,5,9,278,1,2,9,1141.37,
kitspace_training_board_v02,20211014,2,100.05,100.05,100.1,76,208,69,267,0,1159.49,1,0,267,0,2,0,1159.49,
kitspace_trans_switch_volt_amp,20171130,2,111.56,85.14,94.98,20,158,109,81,0,596.17,2,0,81,0,2,0,596.17,
kitspace_tt_nano_HAT_b1,20171130,2,35.71,49.68,17.74,21,86,24,117,0,379.83,2,0,117,0,2,0,379.83,
kitspace_tt_nano_HAT_b2,20171130,2,34.2,59.2,20.25,25,96,32,182,0,639.25,2,0,182,0,2,0,639.25,
kitspace_tt_opt101_module_b1,20171130,2,15.39,23.01,3.54,4,16,5,11,0,35.43,2,0,11,0,2,0,35.43,
klangorium_logic_noise_playground,4,2,200.1,100.1,200.3,160,611,163,827,4,3154.0,2,0,827,4,2,0,3154.0,
komputer-klavier_KomputerKlavier,4,2,58.52,50.9,29.79,19,135,45,216,5,664.32,1,0,216,5,2,0,664.32,
laptimer58_Chickadee,4,2,34.6,67.35,23.3,39,122,39,260,47,573.79,7,0,260,47,2,0,573.79,
lattice-ice40-hx8kevb-sdram_hx8kevb-sdram,4,2,56.2,74.3,41.76,17,183,59,442,27,1628.08,1,0,442,27,2,0,1628.08,
lea-m8f-board_lea-m8f,4,2,0.0,0.0,0.0,33,141,31,338,76,726.39,3,0,338,76,2,0,726.39,
led-wordclock_wordclock,20171130,2,80.39,51.18,41.14,75,277,80,814,38,1968.85,2,0,814,38,2,0,1968.85,
led_array_atmega8_led_array,4,2,99.84,49.68,49.6,63,161,33,401,5,1725.68,2,0,401,5,2,0,1725.68,
light-painting-wand_light-wand,4,2,50.9,38.2,19.44,24,143,64,213,25,366.11,2,0,213,25,2,0,366.11,
linklayer_contact,20171130,2,36.1,61.2,22.09,40,152,61,335,22,783.19,0,0,335,22,2,0,783.19,
low-power-counter_lpcounter,4,2,85.15,54.15,46.11,29,66,11,150,2,480.32,2,0,150,2,2,0,480.32,
m2-electronics_m2fc,20171130,4,100.2,70.24,70.38,351,1023,211,2313,307,2896.62,5,0,2313,307,4,0,2896.62,
m2-electronics_m2pa-instrument,4,2,60.1,39.1,23.5,20,69,9,197,133,563.35,3,0,197,133,2,0,563.35,
m2-electronics_m2pa-m3mount,4,2,47.1,28.1,13.24,23,105,9,146,73,292.57,3,0,146,73,2,0,292.57,
m2-electronics_m2pa-tiny,4,2,44.85,16.1,7.22,19,67,9,157,87,303.11,3,0,157,87,2,0,303.11,
m2-electronics_m2pa,4,2,60.1,39.1,23.5,20,69,9,197,133,563.35,3,0,197,133,2,0,563.35,
m2-electronics_m2pogo,4,2,44.6,16.05,7.16,8,14,4,9,0,50.09,0,0,9,0,2,0,50.09,
m2-electronics_m2r,20171130,2,56.1,56.1,31.47,105,339,79,798,119,1216.91,4,0,798,119,2,0,1216.91,
m2-electronics_m2rl,20171130,2,40.1,34.1,13.67,31,143,29,160,9,301.05,1,0,160,9,2,0,301.05,
mEncoder_mencoder,4,2,14.88,12.09,1.8,9,26,8,55,4,72.59,0,0,55,4,2,0,72.59,
mac-pro-conversion_front-panel-power-adapter,4,2,55.98,36.93,20.67,5,68,36,29,3,182.46,2,0,29,3,2,0,182.46,
mac-pro-conversion_front-panel-usb-adapter,4,2,17.68,20.98,3.71,3,19,10,27,6,75.39,2,0,27,6,2,0,75.39,
magic-table_etch-a-sketch,20171130,2,98.2,75.2,73.85,31,102,24,117,0,610.65,1,0,117,0,2,0,610.65,
magic-table_etch-a-sketch_cyclone,3,2,98.2,75.2,73.85,31,102,24,117,0,610.65,1,0,117,0,2,0,610.65,
makerspace-emonth_load_box,20171130,2,94.94,80.93,76.84,59,236,41,211,17,720.82,3,53,211,17,2,53,720.82,
makerspace-emonth_resistor_board,4,2,92.86,64.28,59.7,16,76,16,131,13,841.44,1,0,131,13,2,0,841.44,
marlin-neopixel-bridge_ATtiny85_Marneo,4,2,34.9,18.13,6.33,8,25,9,42,0,130.25,1,0,42,0,2,0,130.25,
mavbridge_mavbridge,4,2,34.15,23.9,8.16,38,102,20,263,34,479.6,2,0,263,34,2,0,479.6,
maytal_Maytal,4,2,94.25,94.85,89.4,11,74,42,54,0,356.29,2,0,54,0,2,0,356.29,
mdbwerk_mdbwerk,4,2,51.95,25.05,13.01,45,143,29,341,34,523.35,1,0,341,34,2,0,523.35,
mearm-base-pcb_ServoPCB,4,2,54.4,68.79,37.42,9,20,6,68,2,319.07,16,0,68,2,2,0,319.07,
mechkeys_1800-controller,4,2,100.15,45.15,45.22,80,214,46,433,8,798.1,2,0,433,8,2,0,798.1,
mechkeys_58r-mxalps,4,2,285.65,75.9,216.81,244,533,96,983,77,6225.13,2,0,983,77,2,0,6225.13,
mechkeys_BluePad,4,2,76.35,95.4,72.84,187,423,80,1052,104,4240.48,2,0,1052,104,2,0,4240.48,
mechkeys_LFK78,4,2,367.9,92.65,340.86,517,1154,165,3530,340,19219.65,2,0,3530,340,2,0,19219.65,
mechkeys_MF68+10,20171130,2,370.61,94.59,350.57,263,887,119,2269,99,14092.79,2,0,2269,99,2,0,14092.79,
mechkeys_isp,4,2,38.25,20.47,7.83,16,45,12,74,0,122.62,2,0,74,0,2,0,122.62,
mechkeys_lfk78-jtag,20171130,2,18.56,15.39,2.86,2,20,10,51,0,129.87,0,0,51,0,2,0,129.87,
mechkeys_lfk_revc,4,2,367.9,93.4,343.62,319,1202,190,3310,283,18953.51,2,0,3310,283,2,0,18953.51,
mechkeys_lfk_revd,4,2,367.9,93.4,343.62,339,1252,189,3545,286,19199.71,2,0,3545,286,2,0,19199.71,
medusa_medusa_cape,20171130,4,54.71,86.46,47.3,73,492,113,806,162,1934.96,14,0,806,162,4,0,1934.96,
medusa_medusa_rs422_rx,20171130,2,71.6,42.1,30.14,46,133,33,235,40,497.37,4,36,235,40,2,36,497.37,
medusa_medusa_rs422_tx,20171130,2,72.1,67.1,48.38,46,348,120,816,56,2176.03,5,4,816,56,2,4,2176.03,
memory-display_memory-display,20171130,2,49.02,50.95,24.98,32,76,35,175,9,407.32,1,0,175,9,2,0,407.32,
memsarray_mems_array,4,4,350.15,190.15,665.81,61,401,143,844,144,6540.98,2,0,844,144,4,0,6540.98,
memsarray_mems_modules,20171130,2,10.85,11.64,1.26,6,14,4,32,2,44.81,2,0,32,2,2,0,44.81,
microphone_preamp-power,4,2,61.6,17.4,10.72,11,32,8,77,33,207.97,2,0,77,33,2,0,207.97,
microphone_preamp,4,2,61.55,17.35,10.68,26,59,12,148,25,321.76,2,0,148,25,2,0,321.76,
mightyduino_mightyduino,4,2,46.38,23.26,10.79,24,124,44,530,32,998.87,2,0,531,32,2,0,1005.48,
mini-whip_mini-whip-power-feed,4,2,62.15,25.15,15.63,14,31,6,114,32,291.32,10,2,114,32,2,2,291.32,
mini-whip_mini-whip,20171130,2,91.15,32.15,29.3,17,37,9,157,34,370.47,2,1,157,34,2,1,370.47,
mini_ice40_mini_ice40,4,4,0.0,0.0,0.0,33,213,83,354,63,642.26,3,0,354,63,4,0,642.26,
mini_mass_prog_bench_prog_rig,4,4,600.15,110.15,661.07,441,1651,312,2794,332,12796.46,11,0,2794,332,4,0,12796.46,
miniboard-opamp_miniboard-opamp,4,2,35.71,21.74,7.76,26,61,17,196,34,357.72,18,0,196,34,2,0,357.72,
miniboard-stm32f0_miniboard-stm32f0,4,2,39.2,19.58,7.68,27,85,21,390,37,583.05,2,0,390,37,2,0,583.05,
minievse_minievse,20171130,2,101.75,50.95,51.84,54,167,55,240,24,1063.45,0,29,240,24,2,29,1063.45,
minima-hardware_FrontPanel,20171130,2,140.1,62.1,87.0,49,185,48,125,6,964.4,0,104,125,6,2,104,964.4,
mobile-sensor-pcb_mobile-sensor-pcb,4,2,126.9,67.71,85.93,93,416,169,1134,122,3523.99,0,0,1134,122,2,0,3523.99,
modular_bus_board_bus,4,2,111.91,48.41,54.18,26,235,9,53,10,259.68,6,0,53,10,2,0,259.68,
mojo-nes_mojo-nes,20160815,2,99.82,40.99,40.92,9,146,72,368,23,1759.87,4,0,368,23,2,0,1759.87,
moonpunchorg_pcieduino,3,2,51.05,30.1,15.37,32,180,41,500,57,999.73,2,0,500,57,2,0,999.73,
mosavr_pcie1x_backplane,4,2,93.15,46.15,42.99,8,186,68,175,0,1108.8,1,8,175,0,2,8,1108.8,
mosavr_pcie_pi_module,4,2,100.15,69.06,69.16,15,216,72,400,75,1940.53,1,2,400,75,2,2,1940.53,
motor-3xdrv8833-hw_ver1,4,2,61.1,59.1,36.11,73,285,73,1146,118,2671.42,2,0,1146,118,2,0,2671.42,
motor-high-current-sensors_CurrentSensorPCB_line,4,2,182.85,54.1,98.92,222,641,102,1552,117,3180.36,9,0,1552,117,2,0,3180.36,
motor_control_hardware_poncho,20171130,2,97.14,58.41,56.73,34,147,59,178,15,1064.65,0,34,178,15,2,34,1064.65,
mppt-2420-hc_mppt-2420-hc,20171130,4,100.15,100.15,100.3,172,440,99,1263,282,2539.7,38,0,1263,282,4,0,2539.7,
mppt-2420-hpx_mppt-2420-hpx,20171130,4,120.15,100.15,120.33,191,583,156,1413,274,3695.05,33,0,1413,274,4,0,3695.05,
mppt-2420-rc_mppt-2420-rc,20171130,4,67.85,86.55,58.72,121,340,82,933,191,1759.92,34,0,933,191,4,0,1759.92,
nRF24breakoutBoard_nRF24-breakout,4,2,25.12,21.69,5.45,3,18,8,116,0,132.05,1,0,116,0,2,0,132.05,
nan-15_pcb,4,2,68.73,71.27,48.98,51,166,48,690,48,2270.64,2,0,690,48,2,0,2270.64,
nan-15_top-plate,20171130,2,77.3,77.3,59.75,48,83,25,333,2,1029.91,0,0,333,2,2,0,1029.91,
nanoSwinSidC_nanoSwinSidC,20171130,2,35.9,17.6,6.32,15,92,27,272,29,492.52,0,0,272,29,2,0,492.52,
nanoTracer_nanoTracer,4,2,91.54,60.04,54.96,48,165,44,306,12,1215.78,1,0,306,12,2,0,1215.78,
navelino-leaf_navelino-leaf,4,2,54.12,62.6,33.88,13,40,11,180,16,327.49,0,0,180,16,2,0,327.49,
navelino_navelino,4,2,45.67,37.38,17.07,73,172,60,615,73,1052.23,0,0,615,73,2,0,1052.23,
newer-motor-controllers_busparts,4,4,102.15,100.15,102.3,760,984,87,1062,84,3530.24,34,0,1062,84,4,0,3530.24,
newer-motor-controllers_design3,20171130,4,100.15,50.15,50.23,32,117,18,150,10,383.52,6,13,150,10,4,13,383.52,
newer-motor-controllers_si31-3,4,4,102.15,100.15,102.3,760,984,87,1064,85,3507.64,34,7,1064,85,4,7,3507.64,
newer-motor-controllers_stm32f407riser,4,4,69.24,42.06,29.12,57,243,89,732,79,1497.53,4,5,732,79,4,5,1497.53,
nextbusclock_NextBusClockV1,4,2,90.32,68.73,62.08,26,131,54,325,0,1493.79,0,0,325,0,2,0,1493.79,
nichiden27_PISCIUM,4,2,119.53,78.89,94.3,73,274,118,0,0,0.0,0,156,0,0,2,156,0.0,
nikon_gps_nikon_gps,20171130,2,28.1,28.1,7.9,34,83,23,159,31,231.98,2,0,159,31,2,0,231.98,
nixie-clock_ab18x5-breakout,4,2,18.39,15.85,2.91,7,36,17,62,1,120.79,1,0,62,1,2,0,120.79,
nodemcu-backstage_NodeMCU Backstage,4,2,31.9,55.01,17.55,9,79,27,76,4,249.46,2,0,76,4,2,0,249.46,
nodemcu-basecamp_NodeMCU Basecamp,4,2,63.65,50.95,32.43,47,231,33,387,41,1019.0,3,0,387,41,2,0,1019.0,
nrf2rfm69_nrf2rfm69,4,2,16.61,30.15,5.01,5,27,15,52,6,126.72,1,0,57,6,2,0,233.74,
nrf51-kicad_nrf51x22_qfax_dcdc,4,2,14.99,16.56,2.48,46,133,16,194,6,240.86,4,0,194,6,2,0,240.86,
nrf52-kicad_nrf51x22_qfax_dcdc,4,2,17.4,15.19,2.64,54,137,13,144,3,216.27,3,0,212,3,2,0,302.07,
nunchuk_rf_hw_NunchukRF_V3,4,2,27.02,46.84,12.66,44,177,40,618,53,1177.22,2,0,618,53,2,0,1177.22,
oled-bmp280-touch_oled-bmp280-touch,4,2,50.19,51.89,26.04,11,53,33,126,21,419.0,1,0,126,21,2,0,419.0,
omega-dock-new_omega-dock-new,20170123,2,43.1,26.6,11.46,21,93,41,321,11,206.74,2,1,321,11,2,1,206.74,
one-shift-register_one-shift-register,20171130,2,68.73,53.49,36.76,25,84,51,44,0,234.13,2,0,44,0,2,0,234.13,
onion2-breakout_onion2 breakout,20171130,2,39.77,51.97,20.67,14,111,45,187,14,630.89,2,0,187,14,2,0,630.89,
open-source-multimeter_board,4,2,29.87,83.21,24.85,23,172,64,463,4,1673.24,6,0,463,4,2,0,1673.24,
opendous_Upconverter,3,2,96.72,51.0,49.33,670,905,58,1184,0,2206.06,81,1,1184,0,2,1,2206.06,
opentilt_opentilt1,3,2,100.48,36.98,37.16,12,64,18,77,14,622.66,0,1,77,14,2,1,622.66,
opentilt_opentilt2,3,2,49.93,22.5,11.24,9,54,18,97,9,418.22,1,0,97,9,2,0,418.22,
oshtimer_transponder,4,2,15.77,12.6,1.99,7,21,7,58,0,77.45,1,0,58,0,2,0,77.45,
oskirby_logicbone,20171130,8,86.51,54.78,47.39,275,1656,386,9875,658,10496.78,0,0,9875,658,8,0,10496.78,
ottawa-badges-2016_ottawa-badge-tagger-2016,4,2,24.15,50.15,12.11,14,41,11,79,5,248.46,2,0,79,5,2,0,248.46,
ottawa-badges-2016_ottawa-badges-2016,4,2,49.15,100.15,49.22,105,301,62,987,106,3227.25,12,0,987,106,2,0,3227.25,
ourglass__autosave-watch-v4,4,4,35.18,14.1,4.96,43,223,41,490,44,551.17,3,0,490,44,4,0,551.17,
ourglass_watch-v4,4,4,35.18,14.1,4.96,43,223,41,490,44,551.17,3,0,490,44,4,0,551.17,
ozinverter_ozinverterkicad,4,2,169.59,86.15,146.11,68,202,45,481,0,2103.2,2,0,481,0,2,0,2103.2,
pcb-covox-amp-v2_pcb-covox-amp-v2,4,2,87.15,56.15,48.93,61,203,45,285,20,1233.11,1,0,285,20,2,0,1233.11,
pcb-covox-amp_pcb-covox-amp,4,2,78.15,56.15,43.88,45,137,32,144,2,609.39,1,0,144,2,2,0,609.39,
pcb-ice40-vga_VGA expansion,4,2,76.35,48.15,36.76,24,97,46,83,0,431.1,2,1,83,0,2,1,431.1,
pcb-ks0108-128x64-glcd_circuit,3,2,45.82,12.8,5.86,14,76,22,146,13,315.32,2,0,146,13,2,0,315.32,
pcb-usb-ft245r-parallel-adapter_pcb-usb-ft245r-parallel-adapter,4,2,49.15,57.15,28.09,23,111,27,124,9,313.56,1,0,124,9,2,0,313.56,
pcb_HDMI2RGB_HDMI2RGB,20171130,4,58.52,63.6,37.22,115,548,170,1466,110,3032.68,5,0,1466,110,4,0,3032.68,
pcbproject_opensda_project_opensda,4,2,66.19,38.25,25.32,50,165,47,697,156,1687.42,3,0,697,156,2,0,1687.42,
perfplusplus_Ard-perf++,4,2,68.73,53.49,36.76,457,1383,497,939,0,2282.12,0,0,939,0,2,0,2282.12,
pesho_pesho,20171130,2,132.6,65.1,86.32,60,196,66,428,251,1873.74,4,0,428,251,2,0,1873.74,
phone_amp_phone_amp,20171130,2,11.67,56.2,6.56,42,141,41,561,32,632.97,2,0,561,32,2,0,632.97,
phone_rtty_interface_phone_rtty_rev_a,4,2,50.15,50.15,25.15,35,94,22,114,0,319.03,2,0,114,0,2,0,319.03,
phone_rtty_interface_phone_rtty_rev_b,4,2,50.15,50.15,25.15,38,100,24,121,0,360.82,1,0,121,0,2,0,360.82,
photon_Sprinkler_sprinkler,20171130,2,83.97,53.54,44.96,17,68,28,117,2,775.66,2,0,117,2,2,0,775.66,
pi-zero-stepper-board_pi-zero-stepper-board,4,2,83.97,74.44,62.51,25,170,66,301,0,1565.34,2,0,301,0,2,0,1565.34,
pi_plant_MCP3002,4,2,33.17,30.63,10.16,11,38,17,57,0,179.68,2,0,57,0,2,0,179.68,
piboy-zero_piggrl_zero_baseboard,20171130,2,101.1,44.0,44.48,62,219,63,722,109,2306.82,2,6,722,109,2,6,2306.82,
pico-pi-rel_pico-pi,4,4,65.15,30.15,19.64,98,362,122,753,194,1017.29,21,0,753,194,4,0,1017.29,
pmod-rgmii_pmod-rgmii-RTL8211E-module,3,4,57.23,83.95,48.04,70,333,54,989,192,1790.58,4,0,989,192,4,0,1790.58,
pmtoy-hardware-pcb_PMToy,4,2,48.41,42.06,20.36,52,156,43,368,47,774.91,2,0,368,47,2,0,774.91,
pocketbone-kicad_pocketbone-kicad,4,4,55.15,35.15,19.39,65,587,74,891,151,1302.84,4,0,891,151,4,0,1302.84,
polearm-weapon_rod,4,2,34.44,124.61,42.92,29,94,19,169,0,1093.45,0,12,169,0,2,12,1093.45,
poncho_fpga_fpga-dongle,4,2,85.95,137.15,117.88,114,660,242,2186,216,7663.47,15,0,2186,216,2,0,7663.47,
ponchoeduciaaiot_ponchoeduciaaiot,4,2,87.15,81.35,70.9,43,213,96,599,24,1897.62,5,0,599,24,2,0,1897.62,
ponyser-pcb_Ponyser,3,2,33.12,22.96,7.6,12,39,11,54,0,123.3,0,0,54,0,2,0,123.3,
powerfreq-hardware_powerfreq,4,2,117.44,92.44,108.56,32,85,31,85,4,363.81,1,2,85,4,2,2,363.81,
powersupply_5v_v1_powersupply_5v_v1,20171130,2,160.2,100.1,160.36,57,115,15,118,1,776.9,2,2,118,1,2,2,776.9,
prog-cc-100mA_prog-cc-100mA,4,2,49.68,49.68,24.68,40,94,24,158,0,516.89,1,0,158,0,2,0,516.89,
protoarray_proto_array,4,2,99.26,129.74,128.78,76,329,140,409,4,1813.14,11,0,409,4,2,0,1813.14,
psx2vectrex_vectrexmando,3,2,33.12,57.5,19.05,41,161,36,438,21,815.28,1,0,438,21,2,0,815.28,
pulse_v1_pulse,4,2,25.65,10.67,2.74,16,41,13,107,7,150.44,0,0,107,7,2,0,150.44,
pwm-2420-lus_pwm-2420-lus,20171130,2,90.15,85.15,76.76,130,416,87,1018,303,2606.65,21,0,1018,303,2,0,2606.65,
qrp_swr_meter_swr_meter_rev_a,4,2,51.65,77.15,39.85,26,59,14,90,0,379.36,0,2,90,0,2,2,379.36,
radio_antenna-iridium,4,4,60.15,60.15,36.18,37,106,24,265,175,520.99,8,28,265,175,4,28,520.99,
radio_saw_dcc6c,3,4,28.55,20.15,5.75,7,24,5,156,131,184.92,5,0,156,131,4,0,184.92,
raspberry-pi-rfm69_rfm69-rpi,4,2,65.16,56.16,36.59,21,170,69,523,107,1556.94,2,0,523,107,2,0,1556.94,
raspberry_pi_pullup_button_pullup_shutdown_button(revB),3,2,6.45,21.94,1.42,4,10,4,29,1,55.77,0,0,29,1,2,0,55.77,
raspberry_pi_pullup_button_pullup_shutdown_button,3,2,4.93,23.72,1.17,4,10,4,30,1,56.46,0,0,30,1,2,0,56.46,
raspberrypi-3-usb-hub_usb_hub,4,2,127.15,61.11,77.7,21,97,32,66,0,473.31,1,40,66,0,2,40,473.31,
raspican_raspican,20171130,2,85.15,56.15,47.81,22,96,47,115,5,511.89,0,15,115,5,2,15,511.89,
rc2014_bank_switcher_z80_cpm_mmu,3,2,103.02,23.01,23.7,17,113,32,148,26,1114.51,2,0,148,26,2,0,1114.51,
reach-nrf51822-hardware_reach-target-hw,20171130,2,42.01,28.04,11.78,62,230,62,1092,124,1251.17,5,0,1092,124,2,0,1251.17,
recalbox-gpio-board__autosave-board,4,2,210.97,86.51,182.51,123,277,29,227,53,3188.96,29,0,227,53,2,0,3188.96,
recalbox-gpio-board_board,4,2,210.97,86.51,182.51,123,277,29,227,53,3188.96,29,0,227,53,2,0,3188.96,
red-scout_red-scout-aa,4,2,60.1,97.6,58.66,41,148,42,306,59,1055.83,4,1,306,59,2,1,1055.83,
retrocon_bbb-adapter,4,2,58.57,80.16,46.95,15,163,104,180,5,829.98,1,0,180,5,2,0,829.98,
retrocon_driver_board,4,2,83.97,53.49,44.92,29,105,42,168,3,787.52,1,0,168,3,2,0,787.52,
retroreflectors_CONGFLOCK,3,2,6.5,6.5,0.42,7,17,5,21,0,12.23,0,0,21,0,2,0,12.23,
retroreflectors_FLAMENCOFLOCK,3,2,31.9,31.9,10.18,5,26,8,33,0,134.83,1,0,33,0,2,0,134.83,
retroreflectors_RUMBAFLOCK,3,2,6.5,6.5,0.42,7,16,5,21,0,13.63,0,0,21,0,2,0,13.63,
retroreflectors_SALSAFLOCK,3,2,30.95,52.95,16.39,15,68,22,120,17,576.87,2,0,120,17,2,0,576.87,
retroreflectors_TANGOFLOCK,3,2,31.9,31.9,10.18,5,22,6,37,0,110.75,1,0,37,0,2,0,110.75,
rf-biscuit_rf_biscuit,4,2,37.15,24.15,8.97,64,120,16,36,16,58.66,19,0,36,16,2,0,58.66,
rfcx-sentinel-pcb_MPPT,4,2,83.97,63.65,53.45,88,202,37,342,17,783.77,2,0,342,17,2,0,783.77,
rfcx-sentinel-pcb_Mainboard,4,2,83.92,63.6,53.37,102,310,74,831,61,2025.26,2,0,831,61,2,0,2025.26,
rfidBoard_POE,20171130,4,100.1,50.1,50.15,127,429,122,1283,171,2302.5,20,1,1283,171,4,1,2302.5,
rfidBoard_rfid,4,2,75.1,50.1,37.63,34,99,34,239,67,681.86,4,0,239,67,2,0,681.86,
rgb-led_rgb-led-v2,4,2,90.1,50.1,45.14,22,104,34,154,2,849.27,2,0,154,2,2,0,849.27,
rgb-led_rgb_led,3,2,55.22,45.31,25.02,9,44,6,16,0,189.38,1,0,16,0,2,0,189.38,
rgb-strip-controller__autosave-rgb-strip,4,2,41.86,40.74,17.05,20,58,16,108,8,337.76,2,0,108,8,2,0,337.76,
rgb2ypbpr_rgb2ypbpr,20171130,2,70.85,89.25,63.23,49,150,27,236,13,1107.89,2,0,236,13,2,0,1107.89,
rjw57_cpu-board,4,2,99.21,99.21,98.43,69,469,119,1299,318,7912.35,1,0,1299,318,2,0,7912.35,
rk86kngmd_rk86kngmd,20171130,2,226.35,67.86,153.61,39,376,157,921,286,8736.66,0,0,921,286,2,0,8736.66,
rodi-pcb_rodi-pcb,4,2,50.2,50.2,25.2,81,216,66,306,18,653.0,6,0,306,18,2,0,653.0,
roomba-ESP12E_roomba-esp,4,2,33.15,40.15,13.31,11,67,25,246,9,815.78,6,0,246,9,2,0,815.78,
rotary-encoder-breakout_rotary-encoder-breakout,4,2,17.32,20.72,3.59,6,19,5,101,5,126.75,0,0,101,5,2,0,126.75,
rotorcontrol_nanomount,20170123,2,50.95,45.87,23.37,2,56,38,83,0,471.92,0,2,83,0,2,2,471.92,
royer_royer,4,2,40.79,59.84,24.41,26,58,10,101,0,290.06,4,0,101,0,2,0,290.06,
roz_roz-power-board,4,2,80.15,42.15,33.78,87,266,68,638,59,1490.87,1,0,638,59,2,0,1490.87,
rufs__autosave-simple_kicad_schema_and_pcb_v1,4,2,35.71,11.58,4.14,3,6,3,8,0,57.24,0,0,8,0,2,0,57.24,
rufs_aprs_tracker,4,2,77.15,42.35,32.67,43,132,33,440,26,1069.77,2,0,440,26,2,0,1069.77,
rufs_dra818v_breakout_board,4,2,48.45,30.85,14.95,4,35,11,66,3,294.0,2,0,66,3,2,0,294.0,
rufs_simple_kicad_schema_and_pcb_v1,4,2,35.71,11.58,4.14,3,6,3,8,0,57.24,0,0,8,0,2,0,57.24,
rufs_smart_psu,4,2,21.15,75.15,15.89,26,79,21,179,6,416.12,2,0,179,6,2,0,416.12,
rufs_spv1040_power_controller,4,2,37.95,22.25,8.44,22,51,10,148,11,245.05,2,0,148,11,2,0,245.05,
rvi_v2x_hardware_V2X,4,2,85.1,56.1,47.74,198,708,205,2759,416,4514.07,15,0,2759,416,2,0,4514.07,
rxadc_14_rxadc_14,20171130,4,32.92,39.27,12.92,51,179,51,291,31,446.67,6,0,291,31,4,0,446.67,
sb-serial-usb_ch340,4,2,20.15,45.15,9.1,19,78,19,240,11,514.05,1,0,240,11,2,0,514.05,
sbc_sbc,20171130,4,68.05,30.55,20.79,91,652,121,2020,213,2521.02,1,0,2020,213,4,0,2521.02,
scimpy_amp,4,2,104.29,51.97,54.2,51,130,32,361,2,1408.36,2,0,361,2,2,0,1408.36,
scimpy_crossover,4,2,50.19,34.95,17.54,29,76,21,210,0,554.14,2,0,210,0,2,0,554.14,
scimpy_powersupply,20171130,2,51.97,47.14,24.5,13,26,5,53,0,287.68,0,0,53,0,2,0,287.68,
scimpy_volumebuffer,20171130,2,59.33,36.22,21.49,35,94,23,231,0,543.56,2,0,231,0,2,0,543.56,
sensorboard_DiffIR.kicad_pcb_narrow,4,2,33.17,24.91,8.26,17,45,13,133,1,291.25,2,0,133,1,2,0,291.25,
sensorboard_DiffIR,4,2,30.38,26.57,8.07,19,47,15,132,1,311.02,2,0,132,1,2,0,311.02,
server_lader_server_lader,20171130,2,100.38,80.38,80.69,66,225,51,652,45,1739.58,5,0,652,45,2,0,1739.58,
shieldfoxuino_sigfoxuino - sauvegarde,20171130,2,69.37,53.9,37.39,43,203,36,342,27,1098.88,2,4,342,27,2,4,1098.88,
shieldfoxuino_sigfoxuino,20171130,2,69.37,53.9,37.39,45,205,36,335,90,1198.41,2,0,335,90,2,0,1198.41,
shutter_Shutter V4,4,2,41.42,64.92,26.89,25,93,32,218,9,688.2,3,0,218,9,2,0,688.2,
silverduino-board_kicad,4,2,68.73,53.49,36.76,16,67,34,126,5,570.53,1,4,126,5,2,4,570.53,
slushengine-modelx_slushengine_modelx,4,2,261.1,100.1,261.36,223,796,132,3977,546,13730.87,48,0,3977,546,2,0,13730.87,
small-scope-electronics_small-scope,20171130,2,57.88,53.44,30.93,46,146,33,178,4,520.3,1,0,178,4,2,0,520.3,
smart-meter_SmartMeter,4,2,64.28,72.54,46.63,260,414,59,465,37,1173.97,4,0,465,37,2,0,1173.97,
sms-cart-32k_cart,4,2,66.19,40.15,26.58,7,84,28,207,4,1077.08,8,0,207,4,2,0,1077.08,
smt-zvs-driver_IH10-mc,20171130,2,47.9,47.9,22.94,30,36,7,57,0,101.59,4,1,57,0,2,1,101.59,
smt-zvs-driver_IH10-sl,20171130,2,47.9,47.9,22.94,27,43,7,175,74,373.21,8,0,175,74,2,0,373.21,
smt-zvs-driver_IH10,20171130,2,47.9,47.9,22.94,28,140,7,259,112,456.24,8,0,259,112,2,0,456.24,
snappi-zero_snappi-zero,4,2,65.1,33.1,21.55,13,146,11,113,11,348.2,2,0,113,11,2,0,348.2,
soil-moisture-sensor-analog_analog-moist-sensor,4,2,15.34,114.3,17.53,29,77,18,185,19,325.02,2,0,185,19,2,0,325.02,
solar-lanterns_proto1,4,2,40.1,20.1,8.06,12,29,8,56,0,184.31,2,0,56,0,2,0,184.31,
solar-lora_solar-lora,4,2,60.15,60.15,36.18,64,200,48,591,46,1635.78,2,0,591,46,2,0,1635.78,
sonic3_feram_adapter_sonic3_feram_adapter,4,2,17.93,30.63,5.49,6,64,28,114,11,188.62,1,0,114,11,2,0,188.62,
spisolator_spisolator,4,2,16.66,21.74,3.62,8,44,12,138,10,239.58,2,0,138,10,2,0,239.58,
split-pcb-throughole_splanck throughhole,20171130,2,106.83,72.54,77.49,51,199,48,191,9,1452.66,2,0,191,9,2,0,1452.66,
srambo_1_srambo_1,4,2,113.15,42.15,47.69,30,235,94,603,39,3481.16,1,0,603,39,2,0,3481.16,
ssr-wifi_adapter,3,2,83.38,86.38,72.02,25,98,27,150,4,628.75,2,0,150,4,2,0,628.75,
starfish_starfish,4,2,38.15,24.15,9.21,41,167,47,723,80,971.96,4,0,723,80,2,0,971.96,
starsynctrackers_reset_switch,4,2,15.39,24.91,3.83,9,21,7,51,0,83.6,0,0,51,0,2,0,83.6,
stlinkv2_breakout_stlink_breakout,4,2,34.95,15.39,5.38,2,26,6,19,1,65.3,2,0,19,1,2,0,65.3,
stm32-lpc__autosave-stm32-lpc,20171130,2,26.82,28.98,7.77,19,127,24,433,29,656.86,2,0,433,29,2,0,656.86,
stm32-lpc_stm32-lpc,20171130,2,26.82,28.98,7.77,19,127,24,433,29,656.86,2,0,433,29,2,0,656.86,
stm32-network-rs232_stm32-network-rs232,4,2,85.3,47.3,40.35,57,251,86,587,61,1221.47,2,0,587,61,2,0,1221.47,
stm32_ccd_camera_ccd,4,2,37.15,37.15,13.8,30,155,43,410,34,654.5,1,0,410,34,2,0,654.5,
stm32_mech_keyboard_TCKB,4,2,285.1,94.7,269.99,242,809,124,2435,220,11185.34,2,0,2435,220,2,0,11185.34,
stm32_nucleo-64_proto_shield_nucleo_pb,4,2,91.54,91.54,83.8,273,893,133,503,0,1909.57,0,62,503,0,2,62,1909.57,
stubby_hex,20171130,2,49.63,49.63,24.63,60,257,58,727,31,1524.34,7,0,727,31,2,0,1524.34,
stubby_stubby,3,2,49.63,49.63,24.63,74,288,60,778,66,1657.15,10,0,778,66,2,0,1657.15,
supply-ldo-adj-single_supply-ldo-adj-single,4,2,31.9,39.52,12.61,15,73,15,54,12,130.47,4,0,54,12,2,0,130.47,
sv650sds_sds_tool,4,2,29.46,40.0,11.79,17,79,40,86,2,227.52,2,0,86,2,2,0,227.52,
sweet-sixteen_sweet-sixteen,4,2,116.1,105.1,122.02,87,558,190,1465,167,5357.64,2,0,1465,167,2,0,5357.64,
tbd_tbd,4,2,20.37,12.09,2.46,12,72,16,201,31,209.95,2,0,201,31,2,0,209.95,
tdstat_TDstatv2,20171130,2,92.81,54.71,50.78,56,188,50,489,16,1492.03,2,0,489,16,2,0,1492.03,
technoshield-ui-hw_technoshield,4,2,86.0,100.1,86.09,49,208,78,444,61,2213.76,2,0,444,61,2,0,2213.76,
teensy-touch_teensy-touch,4,2,66.25,60.18,39.87,15,52,34,213,35,708.17,1,0,213,35,2,0,708.17,
teensy-weather-badge_teensyi2c,4,2,51.1,51.81,26.48,12,62,37,109,5,334.82,1,0,109,5,2,0,334.82,
teensy-wifi-weather-logger_teensyi2c,4,2,51.1,51.81,26.48,12,62,37,109,5,334.82,1,0,109,5,2,0,334.82,
temp_logger_esp8266_temp_logger,20171130,2,34.16,33.91,11.58,17,46,9,86,1,324.15,1,0,86,1,2,0,324.15,
temperature-alarm_controller,4,2,111.27,62.38,69.41,19,79,18,149,6,659.16,1,0,149,6,2,0,659.16,
tepmachcha_tepmachcha,4,2,50.44,51.97,26.21,6,54,40,36,0,135.68,2,0,36,0,2,0,135.68,
tessel-ice40__autosave-project,4,2,43.33,28.09,12.17,20,164,30,395,46,872.44,2,0,395,46,2,0,872.44,
thegrid_pole,4,2,15.15,39.15,5.93,25,110,18,257,29,310.27,1,0,257,29,2,0,310.27,
thegrid_pole_panellised,20171130,2,15.15,39.15,5.93,50,220,18,514,58,620.54,2,0,514,58,2,0,620.54,
thegrid_shield,4,2,50.15,50.15,25.15,29,181,50,364,72,882.23,2,0,364,72,2,0,882.23,
thegrid_thegrid,20171130,2,49.88,99.92,49.85,54,132,35,444,24,1288.15,2,0,444,24,2,0,1288.15,
thingBot-LoRa_thingBot-LoRa_v1P0,20171130,2,24.48,33.03,8.09,45,87,22,105,5,243.5,2,0,105,5,2,0,243.5,
thingBot-LoRa_thingBot-LoRa_v1P1,20171130,2,24.48,33.03,8.09,45,82,22,98,5,240.71,2,0,98,5,2,0,240.71,
ti_cc3200_quadcopter_cc3200_quad,20171130,4,40.15,45.15,18.13,104,383,65,917,99,1068.07,9,0,917,99,4,0,1068.07,
timecircuits-hardware_BTTF-TimeCircuits,4,2,320.15,50.15,160.56,102,734,274,1720,112,6015.77,2,0,1720,112,2,0,6015.77,
tiny-8088_Computer,20171130,2,147.42,128.37,189.24,54,459,162,1618,47,7386.24,0,0,1618,47,2,0,7386.24,
tinyDriverP_tinybot,4,2,41.42,44.6,18.48,36,109,28,314,25,740.86,2,1,314,25,2,1,740.86,
tinyFISH_tinyBRUSH,20171130,2,13.18,9.5,1.25,24,40,10,92,8,73.94,2,0,92,8,2,0,73.94,
tinyFISH_tinyFISH,20171130,2,20.1,20.1,4.04,88,300,56,1116,55,706.96,2,0,1116,55,2,0,706.96,
tinyisp-micro_tinyispmicro,4,2,36.93,16.61,6.13,16,81,27,489,15,367.49,2,0,489,15,2,0,367.49,
tinymuseum_museum,4,2,60.1,45.6,27.41,18,77,26,210,1,681.76,2,0,210,1,2,0,681.76,
tmk_HHKB_controller,20170123,2,141.6,36.1,51.12,95,310,87,895,118,2875.69,15,0,895,118,2,0,2875.69,
two-daisy-chained-shift-registers_two-shift-registers,20171130,2,68.73,53.49,36.76,42,132,68,142,0,717.12,2,7,142,0,2,7,717.12,
type5_type5,4,2,85.1,70.1,59.66,4,91,55,199,0,1945.96,0,0,199,0,2,0,1945.96,
typec-charger_TypeC-DC-Charger,20160815,4,48.15,56.15,27.04,99,343,85,860,201,1232.18,52,0,860,201,4,0,1232.18,
uC3Moy_uC3Moy,4,2,35.6,68.54,24.4,25,67,14,71,0,197.01,2,0,71,0,2,0,197.01,
uSKY_uSKY,20160815,2,11.26,8.49,0.96,36,99,37,292,23,174.59,2,0,292,23,2,0,174.59,
uedaino_uedaino,4,2,50.1,65.1,32.62,31,133,30,607,71,1596.83,1,2,607,71,2,2,1596.83,
uext-esp32_UEXT_ESP32,20171130,2,26.65,24.15,6.44,10,67,43,118,15,242.75,2,0,118,15,2,0,242.75,
usb2serial-CH340G_USB2TTL-CH340G,4,2,18.1,25.1,4.54,20,68,17,116,6,176.97,2,1,116,6,2,1,176.97,
usb_rs232c_usb_rs232c_rev_a,4,2,34.8,14.5,5.05,33,95,25,189,19,248.25,1,0,189,19,2,0,248.25,
vatx_vatx,4,2,50.15,50.25,25.2,31,88,19,231,20,633.87,4,0,231,20,2,0,633.87,
vdcmon_vdcmon,4,2,70.15,60.15,42.2,48,120,28,304,70,1449.09,0,0,304,70,2,0,1449.09,
vhf-radio_exp-1,20171130,4,50.9,50.9,25.91,90,248,58,244,7,374.59,1,89,244,7,4,89,374.59,
wavegen_rev3,20171130,4,56.03,76.35,42.78,289,634,75,925,94,1616.39,4,0,925,94,4,0,1616.39,
wavegen_waveform-generator-rev1,20171130,2,50.95,50.95,25.96,53,211,47,447,53,1008.12,2,0,447,53,2,0,1008.12,
wavegen_waveform-generator,20171130,2,50.9,50.9,25.91,57,215,60,491,55,1006.74,2,0,491,55,2,0,1006.74,
wavegen_wavegen-alt,4,2,50.9,50.9,25.91,53,211,60,446,55,998.05,3,0,446,55,2,0,998.05,
wavegen_wavegen,20171130,2,50.95,50.95,25.96,53,211,47,447,53,1008.12,2,0,447,53,2,0,1008.12,
wifi-iot-core-hw_wifi-iot-core-hw,4,2,31.95,58.62,18.73,52,208,57,656,42,1371.49,2,0,656,42,2,0,1371.49,
wifiLCD_wifilcd,4,2,30.1,41.1,12.37,23,85,22,252,33,664.68,2,0,252,33,2,0,664.68,
wifi_pants_wifi_pants,4,2,65.15,30.15,19.64,132,230,59,380,15,560.53,8,0,380,15,2,0,560.53,
wifi_pstn_cid_tel_interf,4,2,86.46,66.14,57.18,55,187,45,353,6,1284.82,0,0,353,6,2,0,1284.82,
wordclock_ledboard2,4,2,161.1,170.1,274.03,109,417,104,430,2,6049.31,2,0,430,2,2,0,6049.31,
wt-rpm_C.H.I.P,4,2,40.79,55.39,22.6,40,194,88,203,0,457.56,2,5,203,0,2,5,457.56,
wt-rpm_rasp_side,3,2,99.8,99.8,99.59,84,359,92,638,0,2559.19,2,0,638,0,2,0,2559.19,
xmasOrn_xmasOrn,4,2,81.83,95.98,78.55,272,401,57,654,118,1470.22,2,0,654,118,2,0,1470.22,
xt_ide_slot_8_support_slot_8_support,4,2,15.75,35.81,5.64,11,27,9,75,0,113.21,2,0,75,0,2,0,113.21,
xwhatits-capsense-controller_amkey-usb,20171130,2,123.1,82.35,101.37,39,246,58,678,89,2313.42,2,0,678,89,2,0,2313.42,
xwhatits-capsense-controller_beamspring-usb,3,2,145.6,21.35,31.09,36,245,59,868,105,2471.57,2,0,868,105,2,0,2471.57,
xwhatits-capsense-controller_displaywriter-usb,3,2,119.85,32.6,39.07,92,312,54,827,69,2002.67,2,0,827,69,2,0,2002.67,
xwhatits-capsense-controller_model-f-3178-adaptor,3,2,127.1,6.6,8.39,2,60,21,40,0,92.22,1,0,40,0,2,0,92.22,
xwhatits-capsense-controller_model-f-usb,3,2,140.1,28.6,40.07,92,282,58,890,59,2296.61,2,0,890,59,2,0,2296.61,
xwhatits-capsense-controller_solenoid-driver,3,2,45.35,21.35,9.68,21,66,13,130,20,297.87,5,0,130,20,2,0,297.87,
yamsek.kicad_i2c_bridge_primary,4,2,16.15,28.15,4.55,17,48,10,115,19,187.17,2,0,115,19,2,0,187.17,
yamsek.kicad_i2c_bridge_secondary,4,2,16.15,28.15,4.55,14,38,7,84,10,130.53,2,0,84,10,2,0,130.53,
yamsek.kicad_matrix_attiny861a,4,2,16.15,29.15,4.71,10,57,18,257,32,417.59,2,0,257,32,2,0,417.59,
yamsek.kicad_matrix_mcp23017,4,2,16.15,29.15,4.71,11,66,21,266,19,380.71,2,0,266,19,2,0,380.71,
youtubeplaybutton_playbutton,4,2,148.19,104.04,154.18,192,484,79,1221,274,3419.37,3,4,1221,274,2,4,3419.37,
z2amiller_sensorboard,20171130,2,49.05,19.46,9.55,25,78,20,184,14,333.94,2,13,184,14,2,13,333.94,
z2amiller_sensorboard_programmer,20171130,2,26.18,18.56,4.86,8,28,11,42,0,152.15,0,0,42,0,2,0,152.15,
zx-sizif-128_sizif128,20171130,2,140.1,85.1,119.23,112,486,120,1898,203,8328.9,2,0,1898,203,2,0,8328.9,
zx-sizif-512-ext_sizif512ext,20171130,2,213.1,64.1,136.6,156,774,179,2519,294,10955.95,2,0,2519,294,2,0,10955.95,
zx-sizif-512-wifi_sizif512-wifi,20171130,2,22.0,29.6,6.51,11,51,10,82,61,222.01,2,0,82,61,2,0,222.01,
zx-sizif-xxs_sizif-xxs,20171130,2,100.1,24.58,24.6,95,436,123,1490,150,2834.16,2,0,1490,150,2,0,2834.16,
zx-tsid_zx-tsid,20171130,2,73.85,37.35,27.58,67,343,96,1555,144,3420.44,2,2,1555,144,2,2,3420.44,
